Date, MSCI Price
3/7/2024,"3,391.26"
3/6/2024,"3,357.03"
3/5/2024,"3,337.20"
3/4/2024,"3,362.28"
3/1/2024,"3,364.04"
2/29/2024,"3,337.20"
2/28/2024,"3,322.64"
2/27/2024,"3,331.88"
2/26/2024,"3,325.79"
2/23/2024,"3,334.04"
2/22/2024,"3,329.86"
2/21/2024,"3,272.19"
2/20/2024,"3,274.33"
2/19/2024,"3,286.86"
2/16/2024,"3,285.12"
2/15/2024,"3,289.74"
2/14/2024,"3,265.67"
2/13/2024,"3,240.26"
2/12/2024,"3,281.01"
2/9/2024,"3,281.42"
2/8/2024,"3,266.14"
2/7/2024,"3,265.07"
2/6/2024,"3,244.51"
2/5/2024,"3,233.53"
2/2/2024,"3,247.64"
2/1/2024,"3,226.80"
1/31/2024,"3,205.32"
1/30/2024,"3,236.76"
1/29/2024,"3,236.32"
1/26/2024,"3,216.23"
1/25/2024,"3,212.32"
1/24/2024,"3,203.55"
1/23/2024,"3,190.90"
1/22/2024,"3,189.10"
1/19/2024,"3,175.36"
1/18/2024,"3,143.20"
1/17/2024,"3,120.44"
1/16/2024,"3,146.04"
1/15/2024,"3,165.14"
1/12/2024,"3,168.31"
1/11/2024,"3,157.32"
1/10/2024,"3,161.50"
1/9/2024,"3,146.97"
1/8/2024,"3,153.62"
1/5/2024,"3,120.55"
1/4/2024,"3,114.12"
1/3/2024,"3,115.68"
1/2/2024,"3,145.42"
1/1/2024,"3,169.25"
12/29/2023,"3,169.18"
12/28/2023,"3,178.05"
12/27/2023,"3,175.65"
12/26/2023,"3,162.65"
12/25/2023,"3,152.49"
12/22/2023,"3,152.26"
12/21/2023,"3,145.09"
12/20/2023,"3,121.79"
12/19/2023,"3,153.34"
12/18/2023,"3,131.35"
12/15/2023,"3,126.14"
12/14/2023,"3,128.89"
12/13/2023,"3,101.08"
12/12/2023,"3,067.44"
12/11/2023,"3,056.42"
12/8/2023,"3,047.21"
12/7/2023,"3,037.45"
12/6/2023,"3,020.98"
12/5/2023,"3,023.22"
12/4/2023,"3,026.59"
12/1/2023,"3,040.70"
11/30/2023,"3,023.63"
11/29/2023,"3,013.93"
11/28/2023,"3,012.57"
11/27/2023,"3,007.99"
11/24/2023,"3,015.19"
11/23/2023,"3,008.74"
11/22/2023,"3,004.76"
11/21/2023,"2,999.87"
11/20/2023,"3,004.88"
11/17/2023,"2,985.19"
11/16/2023,"2,973.00"
11/15/2023,"2,975.19"
11/14/2023,"2,963.36"
11/13/2023,"2,904.64"
11/10/2023,"2,900.76"
11/9/2023,"2,878.98"
11/8/2023,"2,888.41"
11/7/2023,"2,887.39"
11/6/2023,"2,889.44"
11/3/2023,"2,883.80"
11/2/2023,"2,852.55"
11/1/2023,"2,797.49"
10/31/2023,"2,768.62"
10/30/2023,"2,757.59"
10/27/2023,"2,731.99"
10/26/2023,"2,740.96"
10/25/2023,"2,772.11"
10/24/2023,"2,801.96"
10/23/2023,"2,786.75"
10/20/2023,"2,791.24"
10/19/2023,"2,824.45"
10/18/2023,"2,851.89"
10/17/2023,"2,888.62"
10/16/2023,"2,885.35"
10/13/2023,"2,862.14"
10/12/2023,"2,884.06"
10/11/2023,"2,899.50"
10/10/2023,"2,887.89"
10/9/2023,"2,858.71"
10/6/2023,"2,845.23"
10/5/2023,"2,816.43"
10/4/2023,"2,810.86"
10/3/2023,"2,799.64"
10/2/2023,"2,838.78"
9/29/2023,"2,853.24"
9/28/2023,"2,855.88"
9/27/2023,"2,840.82"
9/26/2023,"2,844.83"
9/25/2023,"2,879.79"
9/22/2023,"2,879.85"
9/21/2023,"2,886.07"
9/20/2023,"2,936.36"
9/19/2023,"2,951.17"
9/18/2023,"2,956.14"
9/15/2023,"2,960.98"
9/14/2023,"2,982.68"
9/13/2023,"2,956.84"
9/12/2023,"2,955.87"
9/11/2023,"2,969.45"
9/8/2023,"2,948.81"
9/7/2023,"2,947.11"
9/6/2023,"2,955.82"
9/5/2023,"2,973.45"
9/4/2023,"2,990.17"
9/1/2023,"2,989.51"
8/31/2023,"2,986.02"
8/30/2023,"2,991.52"
8/29/2023,"2,975.50"
8/28/2023,"2,935.71"
8/25/2023,"2,911.99"
8/24/2023,"2,906.25"
8/23/2023,"2,937.70"
8/22/2023,"2,909.19"
8/21/2023,"2,910.52"
8/18/2023,"2,897.50"
8/17/2023,"2,901.84"
8/16/2023,"2,925.63"
8/15/2023,"2,948.22"
8/14/2023,"2,976.86"
8/11/2023,"2,972.73"
8/10/2023,"2,984.81"
8/9/2023,"2,976.31"
8/8/2023,"2,988.10"
8/7/2023,"3,003.77"
8/4/2023,"2,986.54"
8/3/2023,"2,990.13"
8/2/2023,"3,000.53"
8/1/2023,"3,048.60"
7/31/2023,"3,064.30"
7/28/2023,"3,057.84"
7/27/2023,"3,034.41"
7/26/2023,"3,044.70"
7/25/2023,"3,045.39"
7/24/2023,"3,037.44"
7/21/2023,"3,028.71"
7/20/2023,"3,029.70"
7/19/2023,"3,047.99"
7/18/2023,"3,042.53"
7/17/2023,"3,021.96"
7/14/2023,"3,017.94"
7/13/2023,"3,019.71"
7/12/2023,"2,987.19"
7/11/2023,"2,953.12"
7/10/2023,"2,931.05"
7/7/2023,"2,924.19"
7/6/2023,"2,924.55"
7/5/2023,"2,960.76"
7/4/2023,"2,971.70"
7/3/2023,"2,972.03"
6/30/2023,"2,966.72"
6/29/2023,"2,933.86"
6/28/2023,"2,924.92"
6/27/2023,"2,921.19"
6/26/2023,"2,894.93"
6/23/2023,"2,902.34"
6/22/2023,"2,930.37"
6/21/2023,"2,927.72"
6/20/2023,"2,939.54"
6/19/2023,"2,955.12"
6/16/2023,"2,962.34"
6/15/2023,"2,966.43"
6/14/2023,"2,939.59"
6/13/2023,"2,929.68"
6/12/2023,"2,906.01"
6/9/2023,"2,885.63"
6/8/2023,"2,882.13"
6/7/2023,"2,866.59"
6/6/2023,"2,877.97"
6/5/2023,"2,870.27"
6/2/2023,"2,873.37"
6/1/2023,"2,831.66"
5/31/2023,"2,800.56"
5/30/2023,"2,825.60"
5/29/2023,"2,830.43"
5/26/2023,"2,827.93"
5/25/2023,"2,796.86"
5/24/2023,"2,788.82"
5/23/2023,"2,816.85"
5/22/2023,"2,845.71"
5/19/2023,"2,842.76"
5/18/2023,"2,840.12"
5/17/2023,"2,820.92"
5/16/2023,"2,802.39"
5/15/2023,"2,819.47"
5/12/2023,"2,809.35"
5/11/2023,"2,814.86"
5/10/2023,"2,822.60"
5/9/2023,"2,815.29"
5/8/2023,"2,827.38"
5/5/2023,"2,821.99"
5/4/2023,"2,779.26"
5/3/2023,"2,796.31"
5/2/2023,"2,803.07"
5/1/2023,"2,833.60"
4/28/2023,"2,835.93"
4/27/2023,"2,815.77"
4/26/2023,"2,779.71"
4/25/2023,"2,789.54"
4/24/2023,"2,826.85"
4/21/2023,"2,823.07"
4/20/2023,"2,822.54"
4/19/2023,"2,833.39"
4/18/2023,"2,835.89"
4/17/2023,"2,827.24"
4/14/2023,"2,825.75"
4/13/2023,"2,829.20"
4/12/2023,"2,795.48"
4/11/2023,"2,797.07"
4/10/2023,"2,786.20"
4/7/2023,"2,790.38"
4/6/2023,"2,790.10"
4/5/2023,"2,784.05"
4/4/2023,"2,796.78"
4/3/2023,"2,803.63"
3/31/2023,"2,791.44"
3/30/2023,"2,759.70"
3/29/2023,"2,739.42"
3/28/2023,"2,704.76"
3/27/2023,"2,702.42"
3/24/2023,"2,692.55"
3/23/2023,"2,696.85"
3/22/2023,"2,686.13"
3/21/2023,"2,711.84"
3/20/2023,"2,678.29"
3/17/2023,"2,656.19"
3/16/2023,"2,677.99"
3/15/2023,"2,638.46"
3/14/2023,"2,674.36"
3/13/2023,"2,643.64"
3/10/2023,"2,657.41"
3/9/2023,"2,691.17"
3/8/2023,"2,725.23"
3/7/2023,"2,724.80"
3/6/2023,"2,764.64"
3/3/2023,"2,757.97"
3/2/2023,"2,719.68"
3/1/2023,"2,706.79"
2/28/2023,"2,714.57"
2/27/2023,"2,721.63"
2/24/2023,"2,706.91"
2/23/2023,"2,737.41"
2/22/2023,"2,730.88"
2/21/2023,"2,740.38"
2/20/2023,"2,783.26"
2/17/2023,"2,779.88"
2/16/2023,"2,790.63"
2/15/2023,"2,815.45"
2/14/2023,"2,812.53"
2/13/2023,"2,810.04"
2/10/2023,"2,783.91"
2/9/2023,"2,790.53"
2/8/2023,"2,801.96"
2/7/2023,"2,820.49"
2/6/2023,"2,793.59"
2/3/2023,"2,820.73"
2/2/2023,"2,847.82"
2/1/2023,"2,809.94"
1/31/2023,"2,785.00"
1/30/2023,"2,759.32"
1/27/2023,"2,785.84"
1/26/2023,"2,777.62"
1/25/2023,"2,756.73"
1/24/2023,"2,755.96"
1/23/2023,"2,754.96"
1/20/2023,"2,725.40"
1/19/2023,"2,685.32"
1/18/2023,"2,713.54"
1/17/2023,"2,736.45"
1/16/2023,"2,735.88"
1/13/2023,"2,735.72"
1/12/2023,"2,720.09"
1/11/2023,"2,700.75"
1/10/2023,"2,671.20"
1/9/2023,"2,663.17"
1/6/2023,"2,649.76"
1/5/2023,"2,594.69"
1/4/2023,"2,624.35"
1/3/2023,"2,600.91"
1/2/2023,"2,607.25"
12/30/2022,"2,602.69"
12/29/2022,"2,611.98"
12/28/2022,"2,575.16"
12/27/2022,"2,600.94"
12/26/2022,"2,605.48"
12/23/2022,"2,605.19"
12/22/2022,"2,595.25"
12/21/2022,"2,626.92"
12/20/2022,"2,592.86"
12/19/2022,"2,585.89"
12/16/2022,"2,606.01"
12/15/2022,"2,636.91"
12/14/2022,"2,705.31"
12/13/2022,"2,715.49"
12/12/2022,"2,683.56"
12/9/2022,"2,662.86"
12/8/2022,"2,670.27"
12/7/2022,"2,654.34"
12/6/2022,"2,662.07"
12/5/2022,"2,696.30"
12/2/2022,"2,733.03"
12/1/2022,"2,741.08"
11/30/2022,"2,720.89"
11/29/2022,"2,663.25"
11/28/2022,"2,668.44"
11/25/2022,"2,703.67"
11/24/2022,"2,706.01"
11/23/2022,"2,697.39"
11/22/2022,"2,675.46"
11/21/2022,"2,640.44"
11/18/2022,"2,658.90"
11/17/2022,"2,642.34"
11/16/2022,"2,657.58"
11/15/2022,"2,678.23"
11/14/2022,"2,653.94"
11/11/2022,"2,674.08"
11/10/2022,"2,636.55"
11/9/2022,"2,509.77"
11/8/2022,"2,554.87"
11/7/2022,"2,533.63"
11/4/2022,"2,507.22"
11/3/2022,"2,467.89"
11/2/2022,"2,499.78"
11/1/2022,"2,546.40"
10/31/2022,"2,547.72"
10/28/2022,"2,561.04"
10/27/2022,"2,523.59"
10/26/2022,"2,535.67"
10/25/2022,"2,537.54"
10/24/2022,"2,493.06"
10/21/2022,"2,462.42"
10/20/2022,"2,429.26"
10/19/2022,"2,439.30"
10/18/2022,"2,457.86"
10/17/2022,"2,431.84"
10/14/2022,"2,376.64"
10/13/2022,"2,411.69"
10/12/2022,"2,367.69"
10/11/2022,"2,376.29"
10/10/2022,"2,395.61"
10/7/2022,"2,417.72"
10/6/2022,"2,478.42"
10/5/2022,"2,500.08"
10/4/2022,"2,511.72"
10/3/2022,"2,429.91"
9/30/2022,"2,378.65"
9/29/2022,"2,401.32"
9/28/2022,"2,438.78"
9/27/2022,"2,403.88"
9/26/2022,"2,408.44"
9/23/2022,"2,438.50"
9/22/2022,"2,489.36"
9/21/2022,"2,516.59"
9/20/2022,"2,554.02"
9/19/2022,"2,580.55"
9/16/2022,"2,569.29"
9/15/2022,"2,592.00"
9/14/2022,"2,617.84"
9/13/2022,"2,619.50"
9/12/2022,"2,719.01"
9/9/2022,"2,682.90"
9/8/2022,"2,636.17"
9/7/2022,"2,614.10"
9/6/2022,"2,584.97"
9/5/2022,"2,596.70"
9/2/2022,"2,605.21"
9/1/2022,"2,610.25"
8/31/2022,"2,627.32"
8/30/2022,"2,645.37"
8/29/2022,"2,668.79"
8/26/2022,"2,694.62"
8/25/2022,"2,768.48"
8/24/2022,"2,736.01"
8/23/2022,"2,730.35"
8/22/2022,"2,736.10"
8/19/2022,"2,787.71"
8/18/2022,"2,826.41"
8/17/2022,"2,822.87"
8/16/2022,"2,844.42"
8/15/2022,"2,842.48"
8/12/2022,"2,834.51"
8/11/2022,"2,802.23"
8/10/2022,"2,803.37"
8/9/2022,"2,743.62"
8/8/2022,"2,758.72"
8/5/2022,"2,752.06"
8/4/2022,"2,761.65"
8/3/2022,"2,755.25"
8/2/2022,"2,728.30"
8/1/2022,"2,749.26"
7/29/2022,"2,746.36"
7/28/2022,"2,709.82"
7/27/2022,"2,675.08"
7/26/2022,"2,624.49"
7/25/2022,"2,651.22"
7/22/2022,"2,650.82"
7/21/2022,"2,663.84"
7/20/2022,"2,643.93"
7/19/2022,"2,628.34"
7/18/2022,"2,567.68"
7/15/2022,"2,568.64"
7/14/2022,"2,520.92"
7/13/2022,"2,544.68"
7/12/2022,"2,554.18"
7/11/2022,"2,572.33"
7/8/2022,"2,603.62"
7/7/2022,"2,602.03"
7/6/2022,"2,561.20"
7/5/2022,"2,553.95"
7/4/2022,"2,567.87"
7/1/2022,"2,559.95"
6/30/2022,"2,546.19"
6/29/2022,"2,574.45"
6/28/2022,"2,584.26"
6/27/2022,"2,623.20"
6/24/2022,"2,619.48"
6/23/2022,"2,549.05"
6/22/2022,"2,537.26"
6/21/2022,"2,543.36"
6/20/2022,"2,494.99"
6/17/2022,"2,485.77"
6/16/2022,"2,490.54"
6/15/2022,"2,556.67"
6/14/2022,"2,525.88"
6/13/2022,"2,545.04"
6/10/2022,"2,641.69"
6/9/2022,"2,721.85"
6/8/2022,"2,783.29"
6/7/2022,"2,805.32"
6/6/2022,"2,789.83"
6/3/2022,"2,779.06"
6/2/2022,"2,814.03"
6/1/2022,"2,770.43"
5/31/2022,"2,791.01"
5/30/2022,"2,814.74"
5/27/2022,"2,802.59"
5/26/2022,"2,743.96"
5/25/2022,"2,700.09"
5/24/2022,"2,680.46"
5/23/2022,"2,702.25"
5/20/2022,"2,655.91"
5/19/2022,"2,651.55"
5/18/2022,"2,665.06"
5/17/2022,"2,746.82"
5/16/2022,"2,693.95"
5/13/2022,"2,701.33"
5/12/2022,"2,639.75"
5/11/2022,"2,652.59"
5/10/2022,"2,677.25"
5/9/2022,"2,671.83"
5/6/2022,"2,762.21"
5/5/2022,"2,784.12"
5/4/2022,"2,864.43"
5/3/2022,"2,809.82"
5/2/2022,"2,796.33"
4/29/2022,"2,795.62"
4/28/2022,"2,861.55"
4/27/2022,"2,807.51"
4/26/2022,"2,811.00"
4/25/2022,"2,877.70"
4/22/2022,"2,882.45"
4/21/2022,"2,959.92"
4/20/2022,"2,994.64"
4/19/2022,"2,984.70"
4/18/2022,"2,954.15"
4/15/2022,"2,959.67"
4/14/2022,"2,960.64"
4/13/2022,"2,985.07"
4/12/2022,"2,959.78"
4/11/2022,"2,972.40"
4/8/2022,"3,012.19"
4/7/2022,"3,014.08"
4/6/2022,"3,012.24"
4/5/2022,"3,049.39"
4/4/2022,"3,081.38"
4/1/2022,"3,057.07"
3/31/2022,"3,053.07"
3/30/2022,"3,096.67"
3/29/2022,"3,110.81"
3/28/2022,"3,061.63"
3/25/2022,"3,049.11"
3/24/2022,"3,041.48"
3/23/2022,"3,012.79"
3/22/2022,"3,040.37"
3/21/2022,"3,010.08"
3/18/2022,"3,010.59"
3/17/2022,"2,981.31"
3/16/2022,"2,936.33"
3/15/2022,"2,865.89"
3/14/2022,"2,826.49"
3/11/2022,"2,840.04"
3/10/2022,"2,871.52"
3/9/2022,"2,881.78"
3/8/2022,"2,797.70"
3/7/2022,"2,819.54"
3/4/2022,"2,896.52"
3/3/2022,"2,942.45"
3/2/2022,"2,964.24"
3/1/2022,"2,930.76"
2/28/2022,"2,977.95"
2/25/2022,"2,980.20"
2/24/2022,"2,905.94"
2/23/2022,"2,909.33"
2/22/2022,"2,949.64"
2/21/2022,"2,975.91"
2/18/2022,"2,983.59"
2/17/2022,"3,009.09"
2/16/2022,"3,060.29"
2/15/2022,"3,054.26"
2/14/2022,"3,011.45"
2/11/2022,"3,039.18"
2/10/2022,"3,087.98"
2/9/2022,"3,124.93"
2/8/2022,"3,077.13"
2/7/2022,"3,059.44"
2/4/2022,"3,061.46"
2/3/2022,"3,052.50"
2/2/2022,"3,113.84"
2/1/2022,"3,086.62"
1/31/2022,"3,059.05"
1/28/2022,"3,005.63"
1/27/2022,"2,955.34"
1/26/2022,"2,979.70"
1/25/2022,"2,975.48"
1/24/2022,"3,005.52"
1/21/2022,"3,025.10"
1/20/2022,"3,082.25"
1/19/2022,"3,098.60"
1/18/2022,"3,124.21"
1/17/2022,"3,176.19"
1/14/2022,"3,173.12"
1/13/2022,"3,182.06"
1/12/2022,"3,214.19"
1/11/2022,"3,193.39"
1/10/2022,"3,166.14"
1/7/2022,"3,177.54"
1/6/2022,"3,184.62"
1/5/2022,"3,203.03"
1/4/2022,"3,248.12"
1/3/2022,"3,241.43"
12/31/2021,"3,231.73"
12/30/2021,"3,237.07"
12/29/2021,"3,243.95"
12/28/2021,"3,239.28"
12/27/2021,"3,237.70"
12/24/2021,"3,206.85"
12/23/2021,"3,206.08"
12/22/2021,"3,183.62"
12/21/2021,"3,152.31"
12/20/2021,"3,100.50"
12/17/2021,"3,139.75"
12/16/2021,"3,167.33"
12/15/2021,"3,175.11"
12/14/2021,"3,138.06"
12/13/2021,"3,162.00"
12/10/2021,"3,188.26"
12/9/2021,"3,172.49"
12/8/2021,"3,196.39"
12/7/2021,"3,184.17"
12/6/2021,"3,117.31"
12/3/2021,"3,086.44"
12/2/2021,"3,111.17"
12/1/2021,"3,087.98"
11/30/2021,"3,101.80"
11/29/2021,"3,155.73"
11/26/2021,"3,131.98"
11/25/2021,"3,202.44"
11/24/2021,"3,198.12"
11/23/2021,"3,196.88"
11/22/2021,"3,201.49"
11/19/2021,"3,219.90"
11/18/2021,"3,226.37"
11/17/2021,"3,221.03"
11/16/2021,"3,230.01"
11/15/2021,"3,226.45"
11/12/2021,"3,223.82"
11/11/2021,"3,201.99"
11/10/2021,"3,201.57"
11/9/2021,"3,227.80"
11/8/2021,"3,237.44"
11/5/2021,"3,232.26"
11/4/2021,"3,224.63"
11/3/2021,"3,212.35"
11/2/2021,"3,195.67"
11/1/2021,"3,190.54"
10/29/2021,"3,174.73"
10/28/2021,"3,179.44"
10/27/2021,"3,152.05"
10/26/2021,"3,167.44"
10/25/2021,"3,159.88"
10/22/2021,"3,151.16"
10/21/2021,"3,152.33"
10/20/2021,"3,147.70"
10/19/2021,"3,136.19"
10/18/2021,"3,114.01"
10/15/2021,"3,109.47"
10/14/2021,"3,084.59"
10/13/2021,"3,039.01"
10/12/2021,"3,024.72"
10/11/2021,"3,031.57"
10/8/2021,"3,043.74"
10/7/2021,"3,046.57"
10/6/2021,"3,015.95"
10/5/2021,"3,016.19"
10/4/2021,"2,992.89"
10/1/2021,"3,022.83"
9/30/2021,"3,006.60"
9/29/2021,"3,028.75"
9/28/2021,"3,032.70"
9/27/2021,"3,095.56"
9/24/2021,"3,103.53"
9/23/2021,"3,106.42"
9/22/2021,"3,074.35"
9/21/2021,"3,049.68"
9/20/2021,"3,046.20"
9/17/2021,"3,096.61"
9/16/2021,"3,122.57"
9/15/2021,"3,127.71"
9/14/2021,"3,116.08"
9/13/2021,"3,126.10"
9/10/2021,"3,122.07"
9/9/2021,"3,136.04"
9/8/2021,"3,146.96"
9/7/2021,"3,158.94"
9/6/2021,"3,169.64"
9/3/2021,"3,163.99"
9/2/2021,"3,161.46"
9/1/2021,"3,151.66"
8/31/2021,"3,141.35"
8/30/2021,"3,146.63"
8/27/2021,"3,133.67"
8/26/2021,"3,110.27"
8/25/2021,"3,125.83"
8/24/2021,"3,122.00"
8/23/2021,"3,112.57"
8/20/2021,"3,080.02"
8/19/2021,"3,063.22"
8/18/2021,"3,078.01"
8/17/2021,"3,100.12"
8/16/2021,"3,121.99"
8/13/2021,"3,125.12"
8/12/2021,"3,115.74"
8/11/2021,"3,109.97"
8/10/2021,"3,099.49"
8/9/2021,"3,097.06"
8/6/2021,"3,098.06"
8/5/2021,"3,102.23"
8/4/2021,"3,085.83"
8/3/2021,"3,092.51"
8/2/2021,"3,077.11"
7/30/2021,"3,069.25"
7/29/2021,"3,089.82"
7/28/2021,"3,069.49"
7/27/2021,"3,068.87"
7/26/2021,"3,080.40"
7/23/2021,"3,072.38"
7/22/2021,"3,046.60"
7/21/2021,"3,036.73"
7/20/2021,"3,005.86"
7/19/2021,"2,975.55"
7/16/2021,"3,024.65"
7/15/2021,"3,043.52"
7/14/2021,"3,058.59"
7/13/2021,"3,059.28"
7/12/2021,"3,068.27"
7/9/2021,"3,053.12"
7/8/2021,"3,022.24"
7/7/2021,"3,049.66"
7/6/2021,"3,042.63"
7/5/2021,"3,049.84"
7/2/2021,"3,046.09"
7/1/2021,"3,028.20"
6/30/2021,"3,017.23"
6/29/2021,"3,024.44"
6/28/2021,"3,025.22"
6/25/2021,"3,024.94"
6/24/2021,"3,013.36"
6/23/2021,"2,998.00"
6/22/2021,"3,001.14"
6/21/2021,"2,982.11"
6/18/2021,"2,954.19"
6/17/2021,"2,996.51"
6/16/2021,"3,008.48"
6/15/2021,"3,017.27"
6/14/2021,"3,019.88"
6/11/2021,"3,012.67"
6/10/2021,"3,007.46"
6/9/2021,"2,996.64"
6/8/2021,"3,001.83"
6/7/2021,"3,000.97"
6/4/2021,"2,997.36"
6/3/2021,"2,972.87"
6/2/2021,"2,985.97"
6/1/2021,"2,982.02"
5/31/2021,"2,975.70"
5/28/2021,"2,979.30"
5/27/2021,"2,970.64"
5/26/2021,"2,969.51"
5/25/2021,"2,965.51"
5/24/2021,"2,966.44"
5/21/2021,"2,943.13"
5/20/2021,"2,942.21"
5/19/2021,"2,910.94"
5/18/2021,"2,928.68"
5/17/2021,"2,934.18"
5/14/2021,"2,938.63"
5/13/2021,"2,892.48"
5/12/2021,"2,876.79"
5/11/2021,"2,928.33"
5/10/2021,"2,961.57"
5/7/2021,"2,979.41"
5/6/2021,"2,952.03"
5/5/2021,"2,932.84"
5/4/2021,"2,922.50"
5/3/2021,"2,948.67"
4/30/2021,"2,938.76"
4/29/2021,"2,963.31"
4/28/2021,"2,951.88"
4/27/2021,"2,952.01"
4/26/2021,"2,956.13"
4/23/2021,"2,946.11"
4/22/2021,"2,923.91"
4/21/2021,"2,932.98"
4/20/2021,"2,915.78"
4/19/2021,"2,944.05"
4/16/2021,"2,953.35"
4/15/2021,"2,941.75"
4/14/2021,"2,913.53"
4/13/2021,"2,918.19"
4/12/2021,"2,907.25"
4/9/2021,"2,910.10"
4/8/2021,"2,895.61"
4/7/2021,"2,881.15"
4/6/2021,"2,876.23"
4/5/2021,"2,872.97"
4/2/2021,"2,841.89"
4/1/2021,"2,840.19"
3/31/2021,"2,811.70"
3/30/2021,"2,805.10"
3/29/2021,"2,811.53"
3/26/2021,"2,814.86"
3/25/2021,"2,775.05"
3/24/2021,"2,767.26"
3/23/2021,"2,788.01"
3/22/2021,"2,809.65"
3/19/2021,"2,796.14"
3/18/2021,"2,802.27"
3/17/2021,"2,826.79"
3/16/2021,"2,823.69"
3/15/2021,"2,821.85"
3/12/2021,"2,807.21"
3/11/2021,"2,806.07"
3/10/2021,"2,775.34"
3/9/2021,"2,761.82"
3/8/2021,"2,722.64"
3/5/2021,"2,728.56"
3/4/2021,"2,706.48"
3/3/2021,"2,741.68"
3/2/2021,"2,768.25"
3/1/2021,"2,783.70"
2/26/2021,"2,726.91"
2/25/2021,"2,760.26"
2/24/2021,"2,802.40"
2/23/2021,"2,789.21"
2/22/2021,"2,788.11"
2/19/2021,"2,806.47"
2/18/2021,"2,802.92"
2/17/2021,"2,815.98"
2/16/2021,"2,828.15"
2/15/2021,"2,829.67"
2/12/2021,"2,818.85"
2/11/2021,"2,807.16"
2/10/2021,"2,800.68"
2/9/2021,"2,798.55"
2/8/2021,"2,795.89"
2/5/2021,"2,773.45"
2/4/2021,"2,757.66"
2/3/2021,"2,737.93"
2/2/2021,"2,731.95"
2/1/2021,"2,697.88"
1/29/2021,"2,661.69"
1/28/2021,"2,710.60"
1/27/2021,"2,694.42"
1/26/2021,"2,754.12"
1/25/2021,"2,756.87"
1/22/2021,"2,755.66"
1/21/2021,"2,765.57"
1/20/2021,"2,761.48"
1/19/2021,"2,732.48"
1/18/2021,"2,713.49"
1/15/2021,"2,714.81"
1/14/2021,"2,738.09"
1/13/2021,"2,739.87"
1/12/2021,"2,734.40"
1/11/2021,"2,730.05"
1/8/2021,"2,753.31"
1/7/2021,"2,734.19"
1/6/2021,"2,699.51"
1/5/2021,"2,684.18"
1/4/2021,"2,670.04"
1/1/2021,"2,690.04"
12/31/2020,"2,690.04"
12/30/2020,"2,686.06"
12/29/2020,"2,682.18"
12/28/2020,"2,676.80"
12/25/2020,"2,659.27"
12/24/2020,"2,659.04"
12/23/2020,"2,651.41"
12/22/2020,"2,643.07"
12/21/2020,"2,644.97"
12/18/2020,"2,666.30"
12/17/2020,"2,674.87"
12/16/2020,"2,654.79"
12/15/2020,"2,643.74"
12/14/2020,"2,619.43"
12/11/2020,"2,621.89"
12/10/2020,"2,628.58"
12/9/2020,"2,627.53"
12/8/2020,"2,642.05"
12/7/2020,"2,635.88"
12/4/2020,"2,639.66"
12/3/2020,"2,621.28"
12/2/2020,"2,613.91"
12/1/2020,"2,609.01"
11/30/2020,"2,583.14"
11/27/2020,"2,601.45"
11/26/2020,"2,590.15"
11/25/2020,"2,589.67"
11/24/2020,"2,587.19"
11/23/2020,"2,546.90"
11/20/2020,"2,540.02"
11/19/2020,"2,546.31"
11/18/2020,"2,543.36"
11/17/2020,"2,558.43"
11/16/2020,"2,561.50"
11/13/2020,"2,529.29"
11/12/2020,"2,509.24"
11/11/2020,"2,528.25"
11/10/2020,"2,507.10"
11/9/2020,"2,502.06"
11/6/2020,"2,470.05"
11/5/2020,"2,466.58"
11/4/2020,"2,416.61"
11/3/2020,"2,369.27"
11/2/2020,"2,322.14"
10/30/2020,"2,292.93"
10/29/2020,"2,318.44"
10/28/2020,"2,306.65"
10/27/2020,"2,381.65"
10/26/2020,"2,390.08"
10/23/2020,"2,430.54"
10/22/2020,"2,421.00"
10/21/2020,"2,417.83"
10/20/2020,"2,422.71"
10/19/2020,"2,417.69"
10/16/2020,"2,440.14"
10/15/2020,"2,435.93"
10/14/2020,"2,453.61"
10/13/2020,"2,464.18"
10/12/2020,"2,477.92"
10/9/2020,"2,447.76"
10/8/2020,"2,427.36"
10/7/2020,"2,409.39"
10/6/2020,"2,382.57"
10/5/2020,"2,403.50"
10/2/2020,"2,362.41"
10/1/2020,"2,380.02"
9/30/2020,"2,367.27"
9/29/2020,"2,359.63"
9/28/2020,"2,366.41"
9/25/2020,"2,326.85"
9/24/2020,"2,300.30"
9/23/2020,"2,305.57"
9/22/2020,"2,343.39"
9/21/2020,"2,329.49"
9/18/2020,"2,367.99"
9/17/2020,"2,383.54"
9/16/2020,"2,403.50"
9/15/2020,"2,407.97"
9/14/2020,"2,396.37"
9/11/2020,"2,368.14"
9/10/2020,"2,367.80"
9/9/2020,"2,393.75"
9/8/2020,"2,354.41"
9/7/2020,"2,408.05"
9/4/2020,"2,399.60"
9/3/2020,"2,425.78"
9/2/2020,"2,494.10"
9/1/2020,"2,467.25"
8/31/2020,"2,455.51"
8/28/2020,"2,456.86"
8/27/2020,"2,442.79"
8/26/2020,"2,446.05"
8/25/2020,"2,422.95"
8/24/2020,"2,417.05"
8/21/2020,"2,392.11"
8/20/2020,"2,389.15"
8/19/2020,"2,394.47"
8/18/2020,"2,399.37"
8/17/2020,"2,393.97"
8/14/2020,"2,384.20"
8/13/2020,"2,390.08"
8/12/2020,"2,391.80"
8/11/2020,"2,359.47"
8/10/2020,"2,360.87"
8/7/2020,"2,355.97"
8/6/2020,"2,359.89"
8/5/2020,"2,355.94"
8/4/2020,"2,336.82"
8/3/2020,"2,324.08"
7/31/2020,"2,304.98"
7/30/2020,"2,304.01"
7/29/2020,"2,319.71"
7/28/2020,"2,299.91"
7/27/2020,"2,311.62"
7/24/2020,"2,291.58"
7/23/2020,"2,308.12"
7/22/2020,"2,327.76"
7/21/2020,"2,321.55"
7/20/2020,"2,312.95"
7/17/2020,"2,293.92"
7/16/2020,"2,288.81"
7/15/2020,"2,298.78"
7/14/2020,"2,270.69"
7/13/2020,"2,253.76"
7/10/2020,"2,259.60"
7/9/2020,"2,240.73"
7/8/2020,"2,252.64"
7/7/2020,"2,243.17"
7/6/2020,"2,264.29"
7/3/2020,"2,226.39"
7/2/2020,"2,227.65"
7/1/2020,"2,211.27"
6/30/2020,"2,201.79"
6/29/2020,"2,176.44"
6/26/2020,"2,157.19"
6/25/2020,"2,193.40"
6/24/2020,"2,180.12"
6/23/2020,"2,236.04"
6/22/2020,"2,217.82"
6/19/2020,"2,208.97"
6/18/2020,"2,215.64"
6/17/2020,"2,217.90"
6/16/2020,"2,219.10"
6/15/2020,"2,171.44"
6/12/2020,"2,164.46"
6/11/2020,"2,154.44"
6/10/2020,"2,267.36"
6/9/2020,"2,275.28"
6/8/2020,"2,288.04"
6/5/2020,"2,266.76"
6/4/2020,"2,218.50"
6/3/2020,"2,222.54"
6/2/2020,"2,187.09"
6/1/2020,"2,163.92"
5/29/2020,"2,147.88"
5/28/2020,"2,148.33"
5/27/2020,"2,136.90"
5/26/2020,"2,114.27"
5/25/2020,"2,081.83"
5/22/2020,"2,071.90"
5/21/2020,"2,074.10"
5/20/2020,"2,092.03"
5/19/2020,"2,061.37"
5/18/2020,"2,069.00"
5/15/2020,"2,008.41"
5/14/2020,"1,999.89"
5/13/2020,"1,998.48"
5/12/2020,"2,034.06"
5/11/2020,"2,060.70"
5/8/2020,"2,061.89"
5/7/2020,"2,026.12"
5/6/2020,"2,007.60"
5/5/2020,"2,018.11"
5/4/2020,"1,997.75"
5/1/2020,"2,004.79"
4/30/2020,"2,052.85"
4/29/2020,"2,070.76"
4/28/2020,"2,023.35"
4/27/2020,"2,022.49"
4/24/2020,"1,987.65"
4/23/2020,"1,974.38"
4/22/2020,"1,968.27"
4/21/2020,"1,932.25"
4/20/2020,"1,994.03"
4/17/2020,"2,017.51"
4/16/2020,"1,964.33"
4/15/2020,"1,960.20"
4/14/2020,"2,006.81"
4/13/2020,"1,956.75"
4/10/2020,"1,971.95"
4/9/2020,"1,970.67"
4/8/2020,"1,940.08"
4/7/2020,"1,895.04"
4/6/2020,"1,881.48"
4/3/2020,"1,776.86"
4/2/2020,"1,803.07"
4/1/2020,"1,781.27"
3/31/2020,"1,852.73"
3/30/2020,"1,870.48"
3/27/2020,"1,827.17"
3/26/2020,"1,875.56"
3/25/2020,"1,785.99"
3/24/2020,"1,742.61"
3/23/2020,"1,602.11"
3/20/2020,"1,650.94"
3/19/2020,"1,694.45"
3/18/2020,"1,682.25"
3/17/2020,"1,772.93"
3/16/2020,"1,702.79"
3/13/2020,"1,881.64"
3/12/2020,"1,776.52"
3/11/2020,"1,972.04"
3/10/2020,"2,051.96"
3/9/2020,"1,995.22"
3/6/2020,"2,149.29"
3/5/2020,"2,192.35"
3/4/2020,"2,243.09"
3/3/2020,"2,179.48"
3/2/2020,"2,212.38"
2/28/2020,"2,141.12"
2/27/2020,"2,177.25"
2/26/2020,"2,258.62"
2/25/2020,"2,269.42"
2/24/2020,"2,330.75"
2/21/2020,"2,402.80"
2/20/2020,"2,420.21"
2/19/2020,"2,431.22"
2/18/2020,"2,421.47"
2/17/2020,"2,430.69"
2/14/2020,"2,431.37"
2/13/2020,"2,429.89"
2/12/2020,"2,434.95"
2/11/2020,"2,421.26"
2/10/2020,"2,413.10"
2/7/2020,"2,404.75"
2/6/2020,"2,416.48"
2/5/2020,"2,404.96"
2/4/2020,"2,383.30"
2/3/2020,"2,351.45"
1/31/2020,"2,342.41"
1/30/2020,"2,372.01"
1/29/2020,"2,373.52"
1/28/2020,"2,372.52"
1/27/2020,"2,356.09"
1/24/2020,"2,395.31"
1/23/2020,"2,406.14"
1/22/2020,"2,410.23"
1/21/2020,"2,409.29"
1/20/2020,"2,415.03"
1/17/2020,"2,415.51"
1/16/2020,"2,406.17"
1/15/2020,"2,392.06"
1/14/2020,"2,388.50"
1/13/2020,"2,388.25"
1/10/2020,"2,377.62"
1/9/2020,"2,379.85"
1/8/2020,"2,366.93"
1/7/2020,"2,362.43"
1/6/2020,"2,364.49"
1/3/2020,"2,363.12"
1/2/2020,"2,375.94"
1/1/2020,"2,358.48"
12/31/2019,"2,358.47"
12/30/2019,"2,353.25"
12/27/2019,"2,364.90"
12/26/2019,"2,360.21"
12/25/2019,"2,351.22"
12/24/2019,"2,351.84"
12/23/2019,"2,350.75"
12/20/2019,"2,349.87"
12/19/2019,"2,340.65"
12/18/2019,"2,333.28"
12/17/2019,"2,336.62"
12/16/2019,"2,337.45"
12/13/2019,"2,319.73"
12/12/2019,"2,309.36"
12/11/2019,"2,295.02"
12/10/2019,"2,289.67"
12/9/2019,"2,292.58"
12/6/2019,"2,296.39"
12/5/2019,"2,278.63"
12/4/2019,"2,275.47"
12/3/2019,"2,263.10"
12/2/2019,"2,276.40"
11/29/2019,"2,292.26"
11/28/2019,"2,301.79"
11/27/2019,"2,302.67"
11/26/2019,"2,294.78"
11/25/2019,"2,290.65"
11/22/2019,"2,273.89"
11/21/2019,"2,270.36"
11/20/2019,"2,274.92"
11/19/2019,"2,284.85"
11/18/2019,"2,285.76"
11/15/2019,"2,282.80"
11/14/2019,"2,265.29"
11/13/2019,"2,268.33"
11/12/2019,"2,270.01"
11/11/2019,"2,266.36"
11/8/2019,"2,268.83"
11/7/2019,"2,266.69"
11/6/2019,"2,261.37"
11/5/2019,"2,259.26"
11/4/2019,"2,261.45"
11/1/2019,"2,252.07"
10/31/2019,"2,233.53"
10/30/2019,"2,237.31"
10/29/2019,"2,232.45"
10/28/2019,"2,231.40"
10/25/2019,"2,222.75"
10/24/2019,"2,215.64"
10/23/2019,"2,208.28"
10/22/2019,"2,204.29"
10/21/2019,"2,209.34"
10/18/2019,"2,195.28"
10/17/2019,"2,201.92"
10/16/2019,"2,195.35"
10/15/2019,"2,196.61"
10/14/2019,"2,175.28"
10/11/2019,"2,179.33"
10/10/2019,"2,150.16"
10/9/2019,"2,137.62"
10/8/2019,"2,124.15"
10/7/2019,"2,151.82"
10/4/2019,"2,153.83"
10/3/2019,"2,131.36"
10/2/2019,"2,121.47"
10/1/2019,"2,158.47"
9/30/2019,"2,180.02"
9/27/2019,"2,175.54"
9/26/2019,"2,183.46"
9/25/2019,"2,184.56"
9/24/2019,"2,182.07"
9/23/2019,"2,193.74"
9/20/2019,"2,197.55"
9/19/2019,"2,204.67"
9/18/2019,"2,201.02"
9/17/2019,"2,201.77"
9/16/2019,"2,195.88"
9/13/2019,"2,205.81"
9/12/2019,"2,201.81"
9/11/2019,"2,194.42"
9/10/2019,"2,179.43"
9/9/2019,"2,178.41"
9/6/2019,"2,178.90"
9/5/2019,"2,174.27"
9/4/2019,"2,149.80"
9/3/2019,"2,126.92"
9/2/2019,"2,136.58"
8/30/2019,"2,138.52"
8/29/2019,"2,133.08"
8/28/2019,"2,111.92"
8/27/2019,"2,104.85"
8/26/2019,"2,105.22"
8/23/2019,"2,094.63"
8/22/2019,"2,131.68"
8/21/2019,"2,135.52"
8/20/2019,"2,119.57"
8/19/2019,"2,131.81"
8/16/2019,"2,108.50"
8/15/2019,"2,082.84"
8/14/2019,"2,086.26"
8/13/2019,"2,134.54"
8/12/2019,"2,117.73"
8/9/2019,"2,135.34"
8/8/2019,"2,146.91"
8/7/2019,"2,114.05"
8/6/2019,"2,109.20"
8/5/2019,"2,097.32"
8/2/2019,"2,149.99"
8/1/2019,"2,173.18"
7/31/2019,"2,187.56"
7/30/2019,"2,203.40"
7/29/2019,"2,212.50"
7/26/2019,"2,215.71"
7/25/2019,"2,206.92"
7/24/2019,"2,217.75"
7/23/2019,"2,209.59"
7/22/2019,"2,197.67"
7/19/2019,"2,194.61"
7/18/2019,"2,198.40"
7/17/2019,"2,197.94"
7/16/2019,"2,208.09"
7/15/2019,"2,214.34"
7/12/2019,"2,212.65"
7/11/2019,"2,205.35"
7/10/2019,"2,201.14"
7/9/2019,"2,193.65"
7/8/2019,"2,194.62"
7/5/2019,"2,205.57"
7/4/2019,"2,215.17"
7/3/2019,"2,213.35"
7/2/2019,"2,198.55"
7/1/2019,"2,192.24"
6/28/2019,"2,178.35"
6/27/2019,"2,166.48"
6/26/2019,"2,158.41"
6/25/2019,"2,163.73"
6/24/2019,"2,178.17"
6/21/2019,"2,178.16"
6/20/2019,"2,183.36"
6/19/2019,"2,161.60"
6/18/2019,"2,150.91"
6/17/2019,"2,130.86"
6/14/2019,"2,130.95"
6/13/2019,"2,136.96"
6/12/2019,"2,134.42"
6/11/2019,"2,139.74"
6/10/2019,"2,135.51"
6/7/2019,"2,126.88"
6/6/2019,"2,104.18"
6/5/2019,"2,095.83"
6/4/2019,"2,077.66"
6/3/2019,"2,045.06"
5/31/2019,"2,046.25"
5/30/2019,"2,066.48"
5/29/2019,"2,064.80"
5/28/2019,"2,084.57"
5/27/2019,"2,096.43"
5/24/2019,"2,095.03"
5/23/2019,"2,087.46"
5/22/2019,"2,111.78"
5/21/2019,"2,117.66"
5/20/2019,"2,104.64"
5/17/2019,"2,116.50"
5/16/2019,"2,126.06"
5/15/2019,"2,110.40"
5/14/2019,"2,098.76"
5/13/2019,"2,086.46"
5/10/2019,"2,126.32"
5/9/2019,"2,119.31"
5/8/2019,"2,131.90"
5/7/2019,"2,135.49"
5/6/2019,"2,166.66"
5/3/2019,"2,177.77"
5/2/2019,"2,161.11"
5/1/2019,"2,170.03"
4/30/2019,"2,178.67"
4/29/2019,"2,175.59"
4/26/2019,"2,173.82"
4/25/2019,"2,165.36"
4/24/2019,"2,168.81"
4/23/2019,"2,174.39"
4/22/2019,"2,161.58"
4/19/2019,"2,160.36"
4/18/2019,"2,160.21"
4/17/2019,"2,160.94"
4/16/2019,"2,163.08"
4/15/2019,"2,161.14"
4/12/2019,"2,159.39"
4/11/2019,"2,147.61"
4/10/2019,"2,147.99"
4/9/2019,"2,143.20"
4/8/2019,"2,152.89"
4/5/2019,"2,149.85"
4/4/2019,"2,142.75"
4/3/2019,"2,143.02"
4/2/2019,"2,131.71"
4/1/2019,"2,131.79"
3/29/2019,"2,107.74"
3/28/2019,"2,095.18"
3/27/2019,"2,094.02"
3/26/2019,"2,102.62"
3/25/2019,"2,087.06"
3/22/2019,"2,094.81"
3/21/2019,"2,127.93"
3/20/2019,"2,112.05"
3/19/2019,"2,121.47"
3/18/2019,"2,117.99"
3/15/2019,"2,108.78"
3/14/2019,"2,096.32"
3/13/2019,"2,095.67"
3/12/2019,"2,083.38"
3/11/2019,"2,074.66"
3/8/2019,"2,051.12"
3/7/2019,"2,061.41"
3/6/2019,"2,078.69"
3/5/2019,"2,087.50"
3/4/2019,"2,090.40"
3/1/2019,"2,096.35"
2/28/2019,"2,085.84"
2/27/2019,"2,092.12"
2/26/2019,"2,091.70"
2/25/2019,"2,091.83"
2/22/2019,"2,086.97"
2/21/2019,"2,077.44"
2/20/2019,"2,083.64"
2/19/2019,"2,075.91"
2/18/2019,"2,072.62"
2/15/2019,"2,066.58"
2/14/2019,"2,047.56"
2/13/2019,"2,052.76"
2/12/2019,"2,045.12"
2/11/2019,"2,021.60"
2/8/2019,"2,020.53"
2/7/2019,"2,026.94"
2/6/2019,"2,047.11"
2/5/2019,"2,051.36"
2/4/2019,"2,037.76"
2/1/2019,"2,029.55"
1/31/2019,"2,028.49"
1/30/2019,"2,010.95"
1/29/2019,"1,989.60"
1/28/2019,"1,989.18"
1/25/2019,"2,001.86"
1/24/2019,"1,983.23"
1/23/2019,"1,980.15"
1/22/2019,"1,978.83"
1/21/2019,"2,000.77"
1/18/2019,"2,000.76"
1/17/2019,"1,975.61"
1/16/2019,"1,966.50"
1/15/2019,"1,963.61"
1/14/2019,"1,948.16"
1/11/2019,"1,957.17"
1/10/2019,"1,957.69"
1/9/2019,"1,950.99"
1/8/2019,"1,935.79"
1/7/2019,"1,919.75"
1/4/2019,"1,904.18"
1/3/2019,"1,853.18"
1/2/2019,"1,881.15"
1/1/2019,"1,883.93"
12/31/2018,"1,883.90"
12/28/2018,"1,870.80"
12/27/2018,"1,862.38"
12/26/2018,"1,850.70"
12/25/2018,"1,795.28"
12/24/2018,"1,802.95"
12/21/2018,"1,834.97"
12/20/2018,"1,862.82"
12/19/2018,"1,892.71"
12/18/2018,"1,908.16"
12/17/2018,"1,914.33"
12/14/2018,"1,942.55"
12/13/2018,"1,974.41"
12/12/2018,"1,975.88"
12/11/2018,"1,954.65"
12/10/2018,"1,952.83"
12/7/2018,"1,965.24"
12/6/2018,"1,990.85"
12/5/2018,"2,008.63"
12/4/2018,"2,016.89"
12/3/2018,"2,066.62"
11/30/2018,"2,041.36"
11/29/2018,"2,034.89"
11/28/2018,"2,029.78"
11/27/2018,"2,000.07"
11/26/2018,"1,999.20"
11/23/2018,"1,975.09"
11/22/2018,"1,984.03"
11/21/2018,"1,984.73"
11/20/2018,"1,976.91"
11/19/2018,"2,009.61"
11/16/2018,"2,031.76"
11/15/2018,"2,026.30"
11/14/2018,"2,015.14"
11/13/2018,"2,026.52"
11/12/2018,"2,028.62"
11/9/2018,"2,063.16"
11/8/2018,"2,082.47"
11/7/2018,"2,084.45"
11/6/2018,"2,050.65"
11/5/2018,"2,040.68"
11/2/2018,"2,036.70"
11/1/2018,"2,040.93"
10/31/2018,"2,021.98"
10/30/2018,"1,997.19"
10/29/2018,"1,975.70"
10/26/2018,"1,981.89"
10/25/2018,"2,006.27"
10/24/2018,"1,988.62"
10/23/2018,"2,033.89"
10/22/2018,"2,053.44"
10/19/2018,"2,062.33"
10/18/2018,"2,064.47"
10/17/2018,"2,089.50"
10/16/2018,"2,091.21"
10/15/2018,"2,055.11"
10/12/2018,"2,063.43"
10/11/2018,"2,044.95"
10/10/2018,"2,089.10"
10/9/2018,"2,138.46"
10/8/2018,"2,143.56"
10/5/2018,"2,151.42"
10/4/2018,"2,165.43"
10/3/2018,"2,183.63"
10/2/2018,"2,183.62"
10/1/2018,"2,188.18"
9/28/2018,"2,184.01"
9/27/2018,"2,188.71"
9/26/2018,"2,189.31"
9/25/2018,"2,194.20"
9/24/2018,"2,193.01"
9/21/2018,"2,200.01"
9/20/2018,"2,195.68"
9/19/2018,"2,177.74"
9/18/2018,"2,172.27"
9/17/2018,"2,160.53"
9/14/2018,"2,166.59"
9/13/2018,"2,162.68"
9/12/2018,"2,152.70"
9/11/2018,"2,147.67"
9/10/2018,"2,142.64"
9/7/2018,"2,137.60"
9/6/2018,"2,144.03"
9/5/2018,"2,152.77"
9/4/2018,"2,162.83"
9/3/2018,"2,173.42"
8/31/2018,"2,175.50"
8/30/2018,"2,181.56"
8/29/2018,"2,190.75"
8/28/2018,"2,182.50"
8/27/2018,"2,179.95"
8/24/2018,"2,161.61"
8/23/2018,"2,149.22"
8/22/2018,"2,155.99"
8/21/2018,"2,151.79"
8/20/2018,"2,145.24"
8/17/2018,"2,138.11"
8/16/2018,"2,131.05"
8/15/2018,"2,115.70"
8/14/2018,"2,137.36"
8/13/2018,"2,127.47"
8/10/2018,"2,139.84"
8/9/2018,"2,163.69"
8/8/2018,"2,166.15"
8/7/2018,"2,166.85"
8/6/2018,"2,157.34"
8/3/2018,"2,155.39"
8/2/2018,"2,147.58"
8/1/2018,"2,149.36"
7/31/2018,"2,153.10"
7/30/2018,"2,148.25"
7/27/2018,"2,156.11"
7/26/2018,"2,161.93"
7/25/2018,"2,161.76"
7/24/2018,"2,151.08"
7/23/2018,"2,139.44"
7/20/2018,"2,139.17"
7/19/2018,"2,134.84"
7/18/2018,"2,142.24"
7/17/2018,"2,138.15"
7/16/2018,"2,132.79"
7/13/2018,"2,134.60"
7/12/2018,"2,130.86"
7/11/2018,"2,117.30"
7/10/2018,"2,135.87"
7/9/2018,"2,131.14"
7/6/2018,"2,113.74"
7/5/2018,"2,096.19"
7/4/2018,"2,082.17"
7/3/2018,"2,082.05"
7/2/2018,"2,082.08"
6/29/2018,"2,089.30"
6/28/2018,"2,079.62"
6/27/2018,"2,076.30"
6/26/2018,"2,088.41"
6/25/2018,"2,085.59"
6/22/2018,"2,114.90"
6/21/2018,"2,105.93"
6/20/2018,"2,117.76"
6/19/2018,"2,111.44"
6/18/2018,"2,125.79"
6/15/2018,"2,134.15"
6/14/2018,"2,142.02"
6/13/2018,"2,140.20"
6/12/2018,"2,145.36"
6/11/2018,"2,144.20"
6/8/2018,"2,137.74"
6/7/2018,"2,137.57"
6/6/2018,"2,136.74"
6/5/2018,"2,119.36"
6/4/2018,"2,121.86"
6/1/2018,"2,109.19"
5/31/2018,"2,092.92"
5/30/2018,"2,100.42"
5/29/2018,"2,083.27"
5/28/2018,"2,107.14"
5/25/2018,"2,110.80"
5/24/2018,"2,117.73"
5/23/2018,"2,122.90"
5/22/2018,"2,128.78"
5/21/2018,"2,130.72"
5/18/2018,"2,120.80"
5/17/2018,"2,125.56"
5/16/2018,"2,122.97"
5/15/2018,"2,119.98"
5/14/2018,"2,136.09"
5/11/2018,"2,131.96"
5/10/2018,"2,123.53"
5/9/2018,"2,109.84"
5/8/2018,"2,095.07"
5/7/2018,"2,096.86"
5/4/2018,"2,089.44"
5/3/2018,"2,071.37"
5/2/2018,"2,076.69"
5/1/2018,"2,083.77"
4/30/2018,"2,086.51"
4/27/2018,"2,096.05"
4/26/2018,"2,092.44"
4/25/2018,"2,076.74"
4/24/2018,"2,081.52"
4/23/2018,"2,097.22"
4/20/2018,"2,099.73"
4/19/2018,"2,115.93"
4/18/2018,"2,123.77"
4/17/2018,"2,116.43"
4/16/2018,"2,099.82"
4/13/2018,"2,088.98"
4/12/2018,"2,090.89"
4/11/2018,"2,082.57"
4/10/2018,"2,090.11"
4/9/2018,"2,061.19"
4/6/2018,"2,052.78"
4/5/2018,"2,080.69"
4/4/2018,"2,061.31"
4/3/2018,"2,048.80"
4/2/2018,"2,038.54"
3/30/2018,"2,066.85"
3/29/2018,"2,065.53"
3/28/2018,"2,047.75"
3/27/2018,"2,055.55"
3/26/2018,"2,069.13"
3/23/2018,"2,036.55"
3/22/2018,"2,072.94"
3/21/2018,"2,109.18"
3/20/2018,"2,110.91"
3/19/2018,"2,110.40"
3/16/2018,"2,134.05"
3/15/2018,"2,133.35"
3/14/2018,"2,134.51"
3/13/2018,"2,144.60"
3/12/2018,"2,154.26"
3/9/2018,"2,149.32"
3/8/2018,"2,125.28"
3/7/2018,"2,115.98"
3/6/2018,"2,117.77"
3/5/2018,"2,106.58"
3/2/2018,"2,089.84"
3/1/2018,"2,089.98"
2/28/2018,"2,117.99"
2/27/2018,"2,140.57"
2/26/2018,"2,159.67"
2/23/2018,"2,140.91"
2/22/2018,"2,117.17"
2/21/2018,"2,118.36"
2/20/2018,"2,126.22"
2/19/2018,"2,135.94"
2/16/2018,"2,137.91"
2/15/2018,"2,130.94"
2/14/2018,"2,105.86"
2/13/2018,"2,080.68"
2/12/2018,"2,075.91"
2/9/2018,"2,050.90"
2/8/2018,"2,045.01"
2/7/2018,"2,101.07"
2/6/2018,"2,098.85"
2/5/2018,"2,103.64"
2/2/2018,"2,171.54"
2/1/2018,"2,212.53"
1/31/2018,"2,213.24"
1/30/2018,"2,214.11"
1/29/2018,"2,234.22"
1/26/2018,"2,248.93"
1/25/2018,"2,234.38"
1/24/2018,"2,232.30"
1/23/2018,"2,230.05"
1/22/2018,"2,221.01"
1/19/2018,"2,207.40"
1/18/2018,"2,196.73"
1/17/2018,"2,199.93"
1/16/2018,"2,188.39"
1/15/2018,"2,193.95"
1/12/2018,"2,185.31"
1/11/2018,"2,171.78"
1/10/2018,"2,162.29"
1/9/2018,"2,161.78"
1/8/2018,"2,157.96"
1/5/2018,"2,156.60"
1/4/2018,"2,142.75"
1/3/2018,"2,125.65"
1/2/2018,"2,116.04"
1/1/2018,"2,103.47"
12/29/2017,"2,103.45"
12/28/2017,"2,106.89"
12/27/2017,"2,103.19"
12/26/2017,"2,099.31"
12/25/2017,"2,099.94"
12/22/2017,"2,099.59"
12/21/2017,"2,100.78"
12/20/2017,"2,095.44"
12/19/2017,"2,096.34"
12/18/2017,"2,104.02"
12/15/2017,"2,085.54"
12/14/2017,"2,077.55"
12/13/2017,"2,084.37"
12/12/2017,"2,083.43"
12/11/2017,"2,081.24"
12/8/2017,"2,073.46"
12/7/2017,"2,063.58"
12/6/2017,"2,058.22"
12/5/2017,"2,063.64"
12/4/2017,"2,069.99"
12/1/2017,"2,069.37"
11/30/2017,"2,077.36"
11/29/2017,"2,066.22"
11/28/2017,"2,066.55"
11/27/2017,"2,055.77"
11/24/2017,"2,059.54"
11/23/2017,"2,053.28"
11/22/2017,"2,050.06"
11/21/2017,"2,047.15"
11/20/2017,"2,035.73"
11/17/2017,"2,033.18"
11/16/2017,"2,035.81"
11/15/2017,"2,021.03"
11/14/2017,"2,031.88"
11/13/2017,"2,035.71"
11/10/2017,"2,040.25"
11/9/2017,"2,042.36"
11/8/2017,"2,050.70"
11/7/2017,"2,046.78"
11/6/2017,"2,046.80"
11/3/2017,"2,045.47"
11/2/2017,"2,043.24"
11/1/2017,"2,041.17"
10/31/2017,"2,036.80"
10/30/2017,"2,034.59"
10/27/2017,"2,034.60"
10/26/2017,"2,025.69"
10/25/2017,"2,023.48"
10/24/2017,"2,031.38"
10/23/2017,"2,030.06"
10/20/2017,"2,035.58"
10/19/2017,"2,033.29"
10/18/2017,"2,030.44"
10/17/2017,"2,027.36"
10/16/2017,"2,029.89"
10/13/2017,"2,028.01"
10/12/2017,"2,023.64"
10/11/2017,"2,024.54"
10/10/2017,"2,021.55"
10/9/2017,"2,013.12"
10/6/2017,"2,014.02"
10/5/2017,"2,016.15"
10/4/2017,"2,010.95"
10/3/2017,"2,009.63"
10/2/2017,"2,004.67"
9/29/2017,"2,000.55"
9/28/2017,"1,992.36"
9/27/2017,"1,988.00"
9/26/2017,"1,983.25"
9/25/2017,"1,989.08"
9/22/2017,"1,994.58"
9/21/2017,"1,990.33"
9/20/2017,"1,998.69"
9/19/2017,"1,996.09"
9/18/2017,"1,990.58"
9/15/2017,"1,987.72"
9/14/2017,"1,983.42"
9/13/2017,"1,986.74"
9/12/2017,"1,988.28"
9/11/2017,"1,981.97"
9/8/2017,"1,964.52"
9/7/2017,"1,964.57"
9/6/2017,"1,959.15"
9/5/2017,"1,954.64"
9/4/2017,"1,963.32"
9/1/2017,"1,965.79"
8/31/2017,"1,959.74"
8/30/2017,"1,947.53"
8/29/2017,"1,945.05"
8/28/2017,"1,946.28"
8/25/2017,"1,944.56"
8/24/2017,"1,939.65"
8/23/2017,"1,942.15"
8/22/2017,"1,945.18"
8/21/2017,"1,932.22"
8/18/2017,"1,930.40"
8/17/2017,"1,936.32"
8/16/2017,"1,954.04"
8/15/2017,"1,949.23"
8/14/2017,"1,952.58"
8/11/2017,"1,937.73"
8/10/2017,"1,940.28"
8/9/2017,"1,961.88"
8/8/2017,"1,966.81"
8/7/2017,"1,971.76"
8/4/2017,"1,967.77"
8/3/2017,"1,968.72"
8/2/2017,"1,970.29"
8/1/2017,"1,970.39"
7/31/2017,"1,961.10"
7/28/2017,"1,960.32"
7/27/2017,"1,963.54"
7/26/2017,"1,961.90"
7/25/2017,"1,960.59"
7/24/2017,"1,954.84"
7/21/2017,"1,958.77"
7/20/2017,"1,963.31"
7/19/2017,"1,958.56"
7/18/2017,"1,949.66"
7/17/2017,"1,948.58"
7/14/2017,"1,948.07"
7/13/2017,"1,936.94"
7/12/2017,"1,932.86"
7/11/2017,"1,915.67"
7/10/2017,"1,917.11"
7/7/2017,"1,913.18"
7/6/2017,"1,909.01"
7/5/2017,"1,920.33"
7/4/2017,"1,918.90"
7/3/2017,"1,920.58"
6/30/2017,"1,916.43"
6/29/2017,"1,919.59"
6/28/2017,"1,931.73"
6/27/2017,"1,917.57"
6/26/2017,"1,927.49"
6/23/2017,"1,925.01"
6/22/2017,"1,921.54"
6/21/2017,"1,920.00"
6/20/2017,"1,922.54"
6/19/2017,"1,936.52"
6/16/2017,"1,923.24"
6/15/2017,"1,916.52"
6/14/2017,"1,930.52"
6/13/2017,"1,928.74"
6/12/2017,"1,918.70"
6/9/2017,"1,922.79"
6/8/2017,"1,924.20"
6/7/2017,"1,927.06"
6/6/2017,"1,926.05"
6/5/2017,"1,931.73"
6/2/2017,"1,935.21"
6/1/2017,"1,923.10"
5/31/2017,"1,911.74"
5/30/2017,"1,909.90"
5/29/2017,"1,911.70"
5/26/2017,"1,912.21"
5/25/2017,"1,914.59"
5/24/2017,"1,907.81"
5/23/2017,"1,906.69"
5/22/2017,"1,904.92"
5/19/2017,"1,894.77"
5/18/2017,"1,880.96"
5/17/2017,"1,882.62"
5/16/2017,"1,906.23"
5/15/2017,"1,901.64"
5/12/2017,"1,892.97"
5/11/2017,"1,891.21"
5/10/2017,"1,895.93"
5/9/2017,"1,893.41"
5/8/2017,"1,897.32"
5/5/2017,"1,896.75"
5/4/2017,"1,886.48"
5/3/2017,"1,883.13"
5/2/2017,"1,886.15"
5/1/2017,"1,882.49"
4/28/2017,"1,878.28"
4/27/2017,"1,881.14"
4/26/2017,"1,882.44"
4/25/2017,"1,882.04"
4/24/2017,"1,871.65"
4/21/2017,"1,842.06"
4/20/2017,"1,846.65"
4/19/2017,"1,835.04"
4/18/2017,"1,837.34"
4/17/2017,"1,846.13"
4/14/2017,"1,832.28"
4/13/2017,"1,833.12"
4/12/2017,"1,842.98"
4/11/2017,"1,847.88"
4/10/2017,"1,846.78"
4/7/2017,"1,845.46"
4/6/2017,"1,846.59"
4/5/2017,"1,845.95"
4/4/2017,"1,850.02"
4/3/2017,"1,848.97"
3/31/2017,"1,853.69"
3/30/2017,"1,859.95"
3/29/2017,"1,856.76"
3/28/2017,"1,858.88"
3/27/2017,"1,845.15"
3/24/2017,"1,845.81"
3/23/2017,"1,844.97"
3/22/2017,"1,842.63"
3/21/2017,"1,846.39"
3/20/2017,"1,860.53"
3/17/2017,"1,863.08"
3/16/2017,"1,864.10"
3/15/2017,"1,854.15"
3/14/2017,"1,842.98"
3/13/2017,"1,850.02"
3/10/2017,"1,845.88"
3/9/2017,"1,835.90"
3/8/2017,"1,834.72"
3/7/2017,"1,840.57"
3/6/2017,"1,845.70"
3/3/2017,"1,848.98"
3/2/2017,"1,848.84"
3/1/2017,"1,856.34"
2/28/2017,"1,838.70"
2/27/2017,"1,841.57"
2/24/2017,"1,840.80"
2/23/2017,"1,845.35"
2/22/2017,"1,842.37"
2/21/2017,"1,843.05"
2/20/2017,"1,836.78"
2/17/2017,"1,836.50"
2/16/2017,"1,836.56"
2/15/2017,"1,833.55"
2/14/2017,"1,823.63"
2/13/2017,"1,823.34"
2/10/2017,"1,814.71"
2/9/2017,"1,807.54"
2/8/2017,"1,802.26"
2/7/2017,"1,797.29"
2/6/2017,"1,798.21"
2/3/2017,"1,805.51"
2/2/2017,"1,795.11"
2/1/2017,"1,793.39"
1/31/2017,"1,792.40"
1/30/2017,"1,792.06"
1/27/2017,"1,803.39"
1/26/2017,"1,803.75"
1/25/2017,"1,805.81"
1/24/2017,"1,790.57"
1/23/2017,"1,781.43"
1/20/2017,"1,782.71"
1/19/2017,"1,776.02"
1/18/2017,"1,785.69"
1/17/2017,"1,782.86"
1/16/2017,"1,783.76"
1/13/2017,"1,788.23"
1/12/2017,"1,783.44"
1/11/2017,"1,778.17"
1/10/2017,"1,779.62"
1/9/2017,"1,776.94"
1/6/2017,"1,783.10"
1/5/2017,"1,782.46"
1/4/2017,"1,773.96"
1/3/2017,"1,757.99"
1/2/2017,"1,753.09"
12/30/2016,"1,751.22"
12/29/2016,"1,752.96"
12/28/2016,"1,750.48"
12/27/2016,"1,760.56"
12/26/2016,"1,758.48"
12/23/2016,"1,759.15"
12/22/2016,"1,757.83"
12/21/2016,"1,760.09"
12/20/2016,"1,761.43"
12/19/2016,"1,758.82"
12/16/2016,"1,754.74"
12/15/2016,"1,754.51"
12/14/2016,"1,763.72"
12/13/2016,"1,774.01"
12/12/2016,"1,760.25"
12/9/2016,"1,760.12"
12/8/2016,"1,752.94"
12/7/2016,"1,749.31"
12/6/2016,"1,727.82"
12/5/2016,"1,718.10"
12/2/2016,"1,708.94"
12/1/2016,"1,708.64"
11/30/2016,"1,712.09"
11/29/2016,"1,715.42"
11/28/2016,"1,712.98"
11/25/2016,"1,720.84"
11/24/2016,"1,713.27"
11/23/2016,"1,709.71"
11/22/2016,"1,713.07"
11/21/2016,"1,710.49"
11/18/2016,"1,697.35"
11/17/2016,"1,706.98"
11/16/2016,"1,698.41"
11/15/2016,"1,701.82"
11/14/2016,"1,692.31"
11/11/2016,"1,696.99"
11/10/2016,"1,701.29"
11/9/2016,"1,696.46"
11/8/2016,"1,691.74"
11/7/2016,"1,685.62"
11/4/2016,"1,660.12"
11/3/2016,"1,667.03"
11/2/2016,"1,672.83"
11/1/2016,"1,683.96"
10/31/2016,"1,690.92"
10/28/2016,"1,690.96"
10/27/2016,"1,694.66"
10/26/2016,"1,699.92"
10/25/2016,"1,701.20"
10/24/2016,"1,706.24"
10/21/2016,"1,701.16"
10/20/2016,"1,704.04"
10/19/2016,"1,706.74"
10/18/2016,"1,701.10"
10/17/2016,"1,687.84"
10/14/2016,"1,693.71"
10/13/2016,"1,689.62"
10/12/2016,"1,695.54"
10/11/2016,"1,700.33"
10/10/2016,"1,719.29"
10/7/2016,"1,712.40"
10/6/2016,"1,718.40"
10/5/2016,"1,721.14"
10/4/2016,"1,717.82"
10/3/2016,"1,722.82"
9/30/2016,"1,725.67"
9/29/2016,"1,719.77"
9/28/2016,"1,725.63"
9/27/2016,"1,719.88"
9/26/2016,"1,714.85"
9/23/2016,"1,729.70"
9/22/2016,"1,740.55"
9/21/2016,"1,721.69"
9/20/2016,"1,703.23"
9/19/2016,"1,703.08"
9/16/2016,"1,696.31"
9/15/2016,"1,704.84"
9/14/2016,"1,692.53"
9/13/2016,"1,694.83"
9/12/2016,"1,715.76"
9/9/2016,"1,707.94"
9/8/2016,"1,744.44"
9/7/2016,"1,747.47"
9/6/2016,"1,745.89"
9/5/2016,"1,737.39"
9/2/2016,"1,734.60"
9/1/2016,"1,723.55"
8/31/2016,"1,719.52"
8/30/2016,"1,723.65"
8/29/2016,"1,725.57"
8/26/2016,"1,726.08"
8/25/2016,"1,727.30"
8/24/2016,"1,731.17"
8/23/2016,"1,738.55"
8/22/2016,"1,732.61"
8/19/2016,"1,731.85"
8/18/2016,"1,736.83"
8/17/2016,"1,731.64"
8/16/2016,"1,730.94"
8/15/2016,"1,739.43"
8/12/2016,"1,736.10"
8/11/2016,"1,735.80"
8/10/2016,"1,727.49"
8/9/2016,"1,728.52"
8/8/2016,"1,719.91"
8/5/2016,"1,716.65"
8/4/2016,"1,707.69"
8/3/2016,"1,703.43"
8/2/2016,"1,706.52"
8/1/2016,"1,717.67"
7/29/2016,"1,721.79"
7/28/2016,"1,707.59"
7/27/2016,"1,706.35"
7/26/2016,"1,705.99"
7/25/2016,"1,703.94"
7/22/2016,"1,706.97"
7/21/2016,"1,705.40"
7/20/2016,"1,707.32"
7/19/2016,"1,698.72"
7/18/2016,"1,703.93"
7/15/2016,"1,700.57"
7/14/2016,"1,703.22"
7/13/2016,"1,694.38"
7/12/2016,"1,690.69"
7/11/2016,"1,676.15"
7/8/2016,"1,662.32"
7/7/2016,"1,643.93"
7/6/2016,"1,640.74"
7/5/2016,"1,645.54"
7/4/2016,"1,660.88"
7/1/2016,"1,660.26"
6/30/2016,"1,653.23"
6/29/2016,"1,634.41"
6/28/2016,"1,599.12"
6/27/2016,"1,571.76"
6/24/2016,"1,608.79"
6/23/2016,"1,691.76"
6/22/2016,"1,667.91"
6/21/2016,"1,668.78"
6/20/2016,"1,664.14"
6/17/2016,"1,635.78"
6/16/2016,"1,628.13"
6/15/2016,"1,633.80"
6/14/2016,"1,630.45"
6/13/2016,"1,645.64"
6/10/2016,"1,665.22"
6/9/2016,"1,688.66"
6/8/2016,"1,699.29"
6/7/2016,"1,694.29"
6/6/2016,"1,686.39"
6/3/2016,"1,678.58"
6/2/2016,"1,673.77"
6/1/2016,"1,672.86"
5/31/2016,"1,674.61"
5/30/2016,"1,676.84"
5/27/2016,"1,676.07"
5/26/2016,"1,672.12"
5/25/2016,"1,668.87"
5/24/2016,"1,654.36"
5/23/2016,"1,635.62"
5/20/2016,"1,639.85"
5/19/2016,"1,627.61"
5/18/2016,"1,641.15"
5/17/2016,"1,641.63"
5/16/2016,"1,648.49"
5/13/2016,"1,635.92"
5/12/2016,"1,649.91"
5/11/2016,"1,653.38"
5/10/2016,"1,662.31"
5/9/2016,"1,642.89"
5/6/2016,"1,643.19"
5/5/2016,"1,641.16"
5/4/2016,"1,644.01"
5/3/2016,"1,658.64"
5/2/2016,"1,675.64"
4/29/2016,"1,670.80"
4/28/2016,"1,677.34"
4/27/2016,"1,685.95"
4/26/2016,"1,685.65"
4/25/2016,"1,682.68"
4/22/2016,"1,686.17"
4/21/2016,"1,690.45"
4/20/2016,"1,695.05"
4/19/2016,"1,692.91"
4/18/2016,"1,675.32"
4/15/2016,"1,670.47"
4/14/2016,"1,671.96"
4/13/2016,"1,666.17"
4/12/2016,"1,644.22"
4/11/2016,"1,632.14"
4/8/2016,"1,632.20"
4/7/2016,"1,621.66"
4/6/2016,"1,633.41"
4/5/2016,"1,618.53"
4/4/2016,"1,640.75"
4/1/2016,"1,640.14"
3/31/2016,"1,648.12"
3/30/2016,"1,652.89"
3/29/2016,"1,635.87"
3/28/2016,"1,627.63"
3/25/2016,"1,623.71"
3/24/2016,"1,622.21"
3/23/2016,"1,631.27"
3/22/2016,"1,643.58"
3/21/2016,"1,643.68"
3/18/2016,"1,645.57"
3/17/2016,"1,643.00"
3/16/2016,"1,621.47"
3/15/2016,"1,619.16"
3/14/2016,"1,627.50"
3/11/2016,"1,626.17"
3/10/2016,"1,597.09"
3/9/2016,"1,598.47"
3/8/2016,"1,593.66"
3/7/2016,"1,607.63"
3/4/2016,"1,608.04"
3/3/2016,"1,598.26"
3/2/2016,"1,588.08"
3/1/2016,"1,575.31"
2/29/2016,"1,547.17"
2/26/2016,"1,554.47"
2/25/2016,"1,553.90"
2/24/2016,"1,534.69"
2/23/2016,"1,540.70"
2/22/2016,"1,558.02"
2/19/2016,"1,538.17"
2/18/2016,"1,543.51"
2/17/2016,"1,544.32"
2/16/2016,"1,519.94"
2/15/2016,"1,503.96"
2/12/2016,"1,486.45"
2/11/2016,"1,468.90"
2/10/2016,"1,486.76"
2/9/2016,"1,488.54"
2/8/2016,"1,498.54"
2/5/2016,"1,523.87"
2/4/2016,"1,548.86"
2/3/2016,"1,540.87"
2/2/2016,"1,538.92"
2/1/2016,"1,566.56"
1/29/2016,"1,562.18"
1/28/2016,"1,532.68"
1/27/2016,"1,531.38"
1/26/2016,"1,535.76"
1/25/2016,"1,521.15"
1/22/2016,"1,536.79"
1/21/2016,"1,497.87"
1/20/2016,"1,491.73"
1/19/2016,"1,520.49"
1/18/2016,"1,514.05"
1/15/2016,"1,521.00"
1/14/2016,"1,549.06"
1/13/2016,"1,544.28"
1/12/2016,"1,561.68"
1/11/2016,"1,557.59"
1/8/2016,"1,561.47"
1/7/2016,"1,576.32"
1/6/2016,"1,610.17"
1/5/2016,"1,630.64"
1/4/2016,"1,630.89"
12/31/2015,"1,662.79"
12/30/2015,"1,676.43"
12/29/2015,"1,685.62"
12/28/2015,"1,670.39"
12/25/2015,"1,673.30"
12/24/2015,"1,674.00"
12/23/2015,"1,671.51"
12/22/2015,"1,650.17"
12/21/2015,"1,638.91"
12/18/2015,"1,633.75"
12/17/2015,"1,655.22"
12/16/2015,"1,668.73"
12/15/2015,"1,646.69"
12/14/2015,"1,632.28"
12/11/2015,"1,637.83"
12/10/2015,"1,663.88"
12/9/2015,"1,664.37"
12/8/2015,"1,670.68"
12/7/2015,"1,686.58"
12/4/2015,"1,694.78"
12/3/2015,"1,678.23"
12/2/2015,"1,696.23"
12/1/2015,"1,710.12"
11/30/2015,"1,694.40"
11/27/2015,"1,700.29"
11/26/2015,"1,703.84"
11/25/2015,"1,697.83"
11/24/2015,"1,695.46"
11/23/2015,"1,697.30"
11/20/2015,"1,702.83"
11/19/2015,"1,700.56"
11/18/2015,"1,691.55"
11/17/2015,"1,676.10"
11/16/2015,"1,667.45"
11/13/2015,"1,654.30"
11/12/2015,"1,671.49"
11/11/2015,"1,691.88"
11/10/2015,"1,690.51"
11/9/2015,"1,691.60"
11/6/2015,"1,704.39"
11/5/2015,"1,710.77"
11/4/2015,"1,713.87"
11/3/2015,"1,717.39"
11/2/2015,"1,715.18"
10/30/2015,"1,705.80"
10/29/2015,"1,706.61"
10/28/2015,"1,714.13"
10/27/2015,"1,696.24"
10/26/2015,"1,704.98"
10/23/2015,"1,706.61"
10/22/2015,"1,689.33"
10/21/2015,"1,672.87"
10/20/2015,"1,677.52"
10/19/2015,"1,679.92"
10/16/2015,"1,683.55"
10/15/2015,"1,675.77"
10/14/2015,"1,653.01"
10/13/2015,"1,661.07"
10/12/2015,"1,674.39"
10/9/2015,"1,673.77"
10/8/2015,"1,663.57"
10/7/2015,"1,653.47"
10/6/2015,"1,640.98"
10/5/2015,"1,637.49"
10/2/2015,"1,607.13"
10/1/2015,"1,587.98"
9/30/2015,"1,581.92"
9/29/2015,"1,550.43"
9/28/2015,"1,560.04"
9/25/2015,"1,594.70"
9/24/2015,"1,587.38"
9/23/2015,"1,596.66"
9/22/2015,"1,600.76"
9/21/2015,"1,628.93"
9/18/2015,"1,630.69"
9/17/2015,"1,652.88"
9/16/2015,"1,653.81"
9/15/2015,"1,634.01"
9/14/2015,"1,620.28"
9/11/2015,"1,626.99"
9/10/2015,"1,625.40"
9/9/2015,"1,628.18"
9/8/2015,"1,627.09"
9/7/2015,"1,598.65"
9/4/2015,"1,595.71"
9/3/2015,"1,622.94"
9/2/2015,"1,615.67"
9/1/2015,"1,600.71"
8/31/2015,"1,645.43"
8/28/2015,"1,658.07"
8/27/2015,"1,650.53"
8/26/2015,"1,616.48"
8/25/2015,"1,583.86"
8/24/2015,"1,589.50"
8/21/2015,"1,650.96"
8/20/2015,"1,697.25"
8/19/2015,"1,726.01"
8/18/2015,"1,744.20"
8/17/2015,"1,749.08"
8/14/2015,"1,743.89"
8/13/2015,"1,741.43"
8/12/2015,"1,742.42"
8/11/2015,"1,749.63"
8/10/2015,"1,766.62"
8/7/2015,"1,747.34"
8/6/2015,"1,752.67"
8/5/2015,"1,762.75"
8/4/2015,"1,758.87"
8/3/2015,"1,761.18"
7/31/2015,"1,765.60"
7/30/2015,"1,759.77"
7/29/2015,"1,760.69"
7/28/2015,"1,747.06"
7/27/2015,"1,733.58"
7/24/2015,"1,745.50"
7/23/2015,"1,762.80"
7/22/2015,"1,766.64"
7/21/2015,"1,777.86"
7/20/2015,"1,782.19"
7/17/2015,"1,780.83"
7/16/2015,"1,781.91"
7/15/2015,"1,768.12"
7/14/2015,"1,769.41"
7/13/2015,"1,758.69"
7/10/2015,"1,743.32"
7/9/2015,"1,717.47"
7/8/2015,"1,706.87"
7/7/2015,"1,724.95"
7/6/2015,"1,729.50"
7/3/2015,"1,744.49"
7/2/2015,"1,747.25"
7/1/2015,"1,747.18"
6/30/2015,"1,735.61"
6/29/2015,"1,737.60"
6/26/2015,"1,776.22"
6/25/2015,"1,781.48"
6/24/2015,"1,785.70"
6/23/2015,"1,795.98"
6/22/2015,"1,796.12"
6/19/2015,"1,774.88"
6/18/2015,"1,780.62"
6/17/2015,"1,762.11"
6/16/2015,"1,763.68"
6/15/2015,"1,757.09"
6/12/2015,"1,770.17"
6/11/2015,"1,779.45"
6/10/2015,"1,776.71"
6/9/2015,"1,751.65"
6/8/2015,"1,752.20"
6/5/2015,"1,760.43"
6/4/2015,"1,775.44"
6/3/2015,"1,789.91"
6/2/2015,"1,782.39"
6/1/2015,"1,778.28"
5/29/2015,"1,779.31"
5/28/2015,"1,791.35"
5/27/2015,"1,793.60"
5/26/2015,"1,781.14"
5/25/2015,"1,803.82"
5/22/2015,"1,803.50"
5/21/2015,"1,810.84"
5/20/2015,"1,803.95"
5/19/2015,"1,803.72"
5/18/2015,"1,808.73"
5/15/2015,"1,807.06"
5/14/2015,"1,803.42"
5/13/2015,"1,789.97"
5/12/2015,"1,784.91"
5/11/2015,"1,789.09"
5/8/2015,"1,794.70"
5/7/2015,"1,769.25"
5/6/2015,"1,772.82"
5/5/2015,"1,773.42"
5/4/2015,"1,790.83"
5/1/2015,"1,787.40"
4/30/2015,"1,778.40"
4/29/2015,"1,795.87"
4/28/2015,"1,803.39"
4/27/2015,"1,801.57"
4/24/2015,"1,799.86"
4/23/2015,"1,792.31"
4/22/2015,"1,786.77"
4/21/2015,"1,781.95"
4/20/2015,"1,779.12"
4/17/2015,"1,769.01"
4/16/2015,"1,786.58"
4/15/2015,"1,783.79"
4/14/2015,"1,779.85"
4/13/2015,"1,772.08"
4/10/2015,"1,779.47"
4/9/2015,"1,771.86"
4/8/2015,"1,766.44"
4/7/2015,"1,764.24"
4/6/2015,"1,764.49"
4/3/2015,"1,750.26"
4/2/2015,"1,749.34"
4/1/2015,"1,738.15"
3/31/2015,"1,740.81"
3/30/2015,"1,757.31"
3/27/2015,"1,744.82"
3/26/2015,"1,744.90"
3/25/2015,"1,756.48"
3/24/2015,"1,772.41"
3/23/2015,"1,778.00"
3/20/2015,"1,774.57"
3/19/2015,"1,751.31"
3/18/2015,"1,754.10"
3/17/2015,"1,736.63"
3/16/2015,"1,740.09"
3/13/2015,"1,719.82"
3/12/2015,"1,728.62"
3/11/2015,"1,710.79"
3/10/2015,"1,712.55"
3/9/2015,"1,741.84"
3/6/2015,"1,741.99"
3/5/2015,"1,763.74"
3/4/2015,"1,760.91"
3/3/2015,"1,768.57"
3/2/2015,"1,776.65"
2/27/2015,"1,772.86"
2/26/2015,"1,773.99"
2/25/2015,"1,776.86"
2/24/2015,"1,774.92"
2/23/2015,"1,770.35"
2/20/2015,"1,768.09"
2/19/2015,"1,760.80"
2/18/2015,"1,759.04"
2/17/2015,"1,754.80"
2/16/2015,"1,752.91"
2/13/2015,"1,752.18"
2/12/2015,"1,741.22"
2/11/2015,"1,721.58"
2/10/2015,"1,725.83"
2/9/2015,"1,714.23"
2/6/2015,"1,720.55"
2/5/2015,"1,727.49"
2/4/2015,"1,715.13"
2/3/2015,"1,715.22"
2/2/2015,"1,694.35"
1/30/2015,"1,677.54"
1/29/2015,"1,693.81"
1/28/2015,"1,689.20"
1/27/2015,"1,705.60"
1/26/2015,"1,712.55"
1/23/2015,"1,707.74"
1/22/2015,"1,710.47"
1/21/2015,"1,694.34"
1/20/2015,"1,685.27"
1/19/2015,"1,681.90"
1/16/2015,"1,675.15"
1/15/2015,"1,662.44"
1/14/2015,"1,665.38"
1/13/2015,"1,678.19"
1/12/2015,"1,676.71"
1/9/2015,"1,683.80"
1/8/2015,"1,694.17"
1/7/2015,"1,662.22"
1/6/2015,"1,654.38"
1/5/2015,"1,671.25"
1/2/2015,"1,704.71"
1/1/2015,"1,709.68"
12/31/2014,"1,709.67"
12/30/2014,"1,721.01"
12/29/2014,"1,731.71"
12/26/2014,"1,729.42"
12/25/2014,"1,725.79"
12/24/2014,"1,726.23"
12/23/2014,"1,724.10"
12/22/2014,"1,723.26"
12/19/2014,"1,717.00"
12/18/2014,"1,706.33"
12/17/2014,"1,672.48"
12/16/2014,"1,655.52"
12/15/2014,"1,654.56"
12/12/2014,"1,675.04"
12/11/2014,"1,699.05"
12/10/2014,"1,698.43"
12/9/2014,"1,721.97"
12/8/2014,"1,726.47"
12/5/2014,"1,738.52"
12/4/2014,"1,736.63"
12/3/2014,"1,739.73"
12/2/2014,"1,735.99"
12/1/2014,"1,729.89"
11/28/2014,"1,739.50"
11/27/2014,"1,744.71"
11/26/2014,"1,748.00"
11/25/2014,"1,742.82"
11/24/2014,"1,740.09"
11/21/2014,"1,737.24"
11/20/2014,"1,725.47"
11/19/2014,"1,724.73"
11/18/2014,"1,728.23"
11/17/2014,"1,714.97"
11/14/2014,"1,717.20"
11/13/2014,"1,716.24"
11/12/2014,"1,715.03"
11/11/2014,"1,716.83"
11/10/2014,"1,714.60"
11/7/2014,"1,707.01"
11/6/2014,"1,707.53"
11/5/2014,"1,706.51"
11/4/2014,"1,698.22"
11/3/2014,"1,699.09"
10/31/2014,"1,708.09"
10/30/2014,"1,689.22"
10/29/2014,"1,686.35"
10/28/2014,"1,684.54"
10/27/2014,"1,666.82"
10/24/2014,"1,667.88"
10/23/2014,"1,659.97"
10/22/2014,"1,647.21"
10/21/2014,"1,651.14"
10/20/2014,"1,626.05"
10/17/2014,"1,613.56"
10/16/2014,"1,592.60"
10/15/2014,"1,595.21"
10/14/2014,"1,610.74"
10/13/2014,"1,613.61"
10/10/2014,"1,626.68"
10/9/2014,"1,652.93"
10/8/2014,"1,673.48"
10/7/2014,"1,661.36"
10/6/2014,"1,679.82"
10/3/2014,"1,675.29"
10/2/2014,"1,667.98"
10/1/2014,"1,679.18"
9/30/2014,"1,698.41"
9/29/2014,"1,702.18"
9/26/2014,"1,707.87"
9/25/2014,"1,703.09"
9/24/2014,"1,723.67"
9/23/2014,"1,716.23"
9/22/2014,"1,726.47"
9/19/2014,"1,740.32"
9/18/2014,"1,742.74"
9/17/2014,"1,735.35"
9/16/2014,"1,732.55"
9/15/2014,"1,726.86"
9/12/2014,"1,729.50"
9/11/2014,"1,736.99"
9/10/2014,"1,735.79"
9/9/2014,"1,733.21"
9/8/2014,"1,744.28"
9/5/2014,"1,750.61"
9/4/2014,"1,748.59"
9/3/2014,"1,751.97"
9/2/2014,"1,747.20"
9/1/2014,"1,748.31"
8/29/2014,"1,748.67"
8/28/2014,"1,744.35"
8/27/2014,"1,750.68"
8/26/2014,"1,749.14"
8/25/2014,"1,745.24"
8/22/2014,"1,735.94"
8/21/2014,"1,741.88"
8/20/2014,"1,735.79"
8/19/2014,"1,734.87"
8/18/2014,"1,727.38"
8/15/2014,"1,714.24"
8/14/2014,"1,715.71"
8/13/2014,"1,708.74"
8/12/2014,"1,699.35"
8/11/2014,"1,701.61"
8/8/2014,"1,690.57"
8/7/2014,"1,684.71"
8/6/2014,"1,693.13"
8/5/2014,"1,698.22"
8/4/2014,"1,710.14"
8/1/2014,"1,705.73"
7/31/2014,"1,714.33"
7/30/2014,"1,740.19"
7/29/2014,"1,744.20"
7/28/2014,"1,748.23"
7/25/2014,"1,748.23"
7/24/2014,"1,756.25"
7/23/2014,"1,754.10"
7/22/2014,"1,750.75"
7/21/2014,"1,740.10"
7/18/2014,"1,744.29"
7/17/2014,"1,735.09"
7/16/2014,"1,751.49"
7/15/2014,"1,741.43"
7/14/2014,"1,747.03"
7/11/2014,"1,736.00"
7/10/2014,"1,734.48"
7/9/2014,"1,746.05"
7/8/2014,"1,741.64"
7/7/2014,"1,754.80"
7/4/2014,"1,763.44"
7/3/2014,"1,764.12"
7/2/2014,"1,756.96"
7/1/2014,"1,754.76"
6/30/2014,"1,743.42"
6/27/2014,"1,740.86"
6/26/2014,"1,737.27"
6/25/2014,"1,738.16"
6/24/2014,"1,737.82"
6/23/2014,"1,746.29"
6/20/2014,"1,747.43"
6/19/2014,"1,748.41"
6/18/2014,"1,737.77"
6/17/2014,"1,728.74"
6/16/2014,"1,726.99"
6/13/2014,"1,727.21"
6/12/2014,"1,725.49"
6/11/2014,"1,731.20"
6/10/2014,"1,735.32"
6/9/2014,"1,735.98"
6/6/2014,"1,734.47"
6/5/2014,"1,725.60"
6/4/2014,"1,717.76"
6/3/2014,"1,715.82"
6/2/2014,"1,717.27"
5/30/2014,"1,715.18"
5/29/2014,"1,713.25"
5/28/2014,"1,706.15"
5/27/2014,"1,707.67"
5/26/2014,"1,703.18"
5/23/2014,"1,697.94"
5/22/2014,"1,692.36"
5/21/2014,"1,686.51"
5/20/2014,"1,678.01"
5/19/2014,"1,685.88"
5/16/2014,"1,683.69"
5/15/2014,"1,682.34"
5/14/2014,"1,694.80"
5/13/2014,"1,697.99"
5/12/2014,"1,694.88"
5/9/2014,"1,683.36"
5/8/2014,"1,686.79"
5/7/2014,"1,684.04"
5/6/2014,"1,683.52"
5/5/2014,"1,689.77"
5/2/2014,"1,688.99"
5/1/2014,"1,690.39"
4/30/2014,"1,687.74"
4/29/2014,"1,682.38"
4/28/2014,"1,672.65"
4/25/2014,"1,670.76"
4/24/2014,"1,681.16"
4/23/2014,"1,679.25"
4/22/2014,"1,681.98"
4/21/2014,"1,672.40"
4/18/2014,"1,670.60"
4/17/2014,"1,669.81"
4/16/2014,"1,664.85"
4/15/2014,"1,646.67"
4/14/2014,"1,644.36"
4/11/2014,"1,638.43"
4/10/2014,"1,656.09"
4/9/2014,"1,675.32"
4/8/2014,"1,663.77"
4/7/2014,"1,659.29"
4/4/2014,"1,676.25"
4/3/2014,"1,685.14"
4/2/2014,"1,687.46"
4/1/2014,"1,683.70"
3/31/2014,"1,673.87"
3/28/2014,"1,661.84"
3/27/2014,"1,653.12"
3/26/2014,"1,654.34"
3/25/2014,"1,655.69"
3/24/2014,"1,645.97"
3/21/2014,"1,653.38"
3/20/2014,"1,654.32"
3/19/2014,"1,658.05"
3/18/2014,"1,665.49"
3/17/2014,"1,653.94"
3/14/2014,"1,641.13"
3/13/2014,"1,651.68"
3/12/2014,"1,665.55"
3/11/2014,"1,672.19"
3/10/2014,"1,676.53"
3/7/2014,"1,681.17"
3/6/2014,"1,686.11"
3/5/2014,"1,679.06"
3/4/2014,"1,677.85"
3/3/2014,"1,655.42"
2/28/2014,"1,675.40"
2/27/2014,"1,668.40"
2/26/2014,"1,664.85"
2/25/2014,"1,669.41"
2/24/2014,"1,668.31"
2/21/2014,"1,659.85"
2/20/2014,"1,656.01"
2/19/2014,"1,655.04"
2/18/2014,"1,660.54"
2/17/2014,"1,653.55"
2/14/2014,"1,650.12"
2/13/2014,"1,643.19"
2/12/2014,"1,637.71"
2/11/2014,"1,634.47"
2/10/2014,"1,616.78"
2/7/2014,"1,611.78"
2/6/2014,"1,592.69"
2/5/2014,"1,572.37"
2/4/2014,"1,569.93"
2/3/2014,"1,571.92"
1/31/2014,"1,598.46"
1/30/2014,"1,607.46"
1/29/2014,"1,603.67"
1/28/2014,"1,611.35"
1/27/2014,"1,604.92"
1/24/2014,"1,618.36"
1/23/2014,"1,650.45"
1/22/2014,"1,661.74"
1/21/2014,"1,659.49"
1/20/2014,"1,657.11"
1/17/2014,"1,657.32"
1/16/2014,"1,659.34"
1/15/2014,"1,660.00"
1/14/2014,"1,651.73"
1/13/2014,"1,645.41"
1/10/2014,"1,655.11"
1/9/2014,"1,646.37"
1/8/2014,"1,650.17"
1/7/2014,"1,647.65"
1/6/2014,"1,641.16"
1/3/2014,"1,646.05"
1/2/2014,"1,645.22"
1/1/2014,"1,661.09"
12/31/2013,"1,661.07"
12/30/2013,"1,656.15"
12/27/2013,"1,654.16"
12/26/2013,"1,646.28"
12/25/2013,"1,639.73"
12/24/2013,"1,639.65"
12/23/2013,"1,637.28"
12/20/2013,"1,626.66"
12/19/2013,"1,618.38"
12/18/2013,"1,613.75"
12/17/2013,"1,592.79"
12/16/2013,"1,598.21"
12/13/2013,"1,587.69"
12/12/2013,"1,588.71"
12/11/2013,"1,600.12"
12/10/2013,"1,614.23"
12/9/2013,"1,617.60"
12/6/2013,"1,612.61"
12/5/2013,"1,598.88"
12/4/2013,"1,604.74"
12/3/2013,"1,613.31"
12/2/2013,"1,621.34"
11/29/2013,"1,628.42"
11/28/2013,"1,628.88"
11/27/2013,"1,624.82"
11/26/2013,"1,621.91"
11/25/2013,"1,623.70"
11/22/2013,"1,623.15"
11/21/2013,"1,616.34"
11/20/2013,"1,611.34"
11/19/2013,"1,616.44"
11/18/2013,"1,622.82"
11/15/2013,"1,621.50"
11/14/2013,"1,612.86"
11/13/2013,"1,601.56"
11/12/2013,"1,598.55"
11/11/2013,"1,600.84"
11/8/2013,"1,596.28"
11/7/2013,"1,588.47"
11/6/2013,"1,607.72"
11/5/2013,"1,599.43"
11/4/2013,"1,603.81"
11/1/2013,"1,597.86"
10/31/2013,"1,602.86"
10/30/2013,"1,611.86"
10/29/2013,"1,614.33"
10/28/2013,"1,610.22"
10/25/2013,"1,607.96"
10/24/2013,"1,607.92"
10/23/2013,"1,601.64"
10/22/2013,"1,610.79"
10/21/2013,"1,599.73"
10/18/2013,"1,598.14"
10/17/2013,"1,586.64"
10/16/2013,"1,570.34"
10/15/2013,"1,558.19"
10/14/2013,"1,562.77"
10/11/2013,"1,557.35"
10/10/2013,"1,545.94"
10/9/2013,"1,519.78"
10/8/2013,"1,523.13"
10/7/2013,"1,536.40"
10/4/2013,"1,547.50"
10/3/2013,"1,542.79"
10/2/2013,"1,551.02"
10/1/2013,"1,553.51"
9/30/2013,"1,543.67"
9/27/2013,"1,554.99"
9/26/2013,"1,556.74"
9/25/2013,"1,553.75"
9/24/2013,"1,555.57"
9/23/2013,"1,557.87"
9/20/2013,"1,563.26"
9/19/2013,"1,573.13"
9/18/2013,"1,561.53"
9/17/2013,"1,547.24"
9/16/2013,"1,546.52"
9/13/2013,"1,533.72"
9/12/2013,"1,532.93"
9/11/2013,"1,535.73"
9/10/2013,"1,529.14"
9/9/2013,"1,515.91"
9/6/2013,"1,502.40"
9/5/2013,"1,497.58"
9/4/2013,"1,496.29"
9/3/2013,"1,486.06"
9/2/2013,"1,481.18"
8/30/2013,"1,472.74"
8/29/2013,"1,481.11"
8/28/2013,"1,480.03"
8/27/2013,"1,484.40"
8/26/2013,"1,504.41"
8/23/2013,"1,508.49"
8/22/2013,"1,497.80"
8/21/2013,"1,489.65"
8/20/2013,"1,500.59"
8/19/2013,"1,501.39"
8/16/2013,"1,508.80"
8/15/2013,"1,508.14"
8/14/2013,"1,527.04"
8/13/2013,"1,527.19"
8/12/2013,"1,524.06"
8/9/2013,"1,526.90"
8/8/2013,"1,527.82"
8/7/2013,"1,519.33"
8/6/2013,"1,528.06"
8/5/2013,"1,530.46"
8/2/2013,"1,533.85"
8/1/2013,"1,524.91"
7/31/2013,"1,507.91"
7/30/2013,"1,510.32"
7/29/2013,"1,508.86"
7/26/2013,"1,516.21"
7/25/2013,"1,517.72"
7/24/2013,"1,518.38"
7/23/2013,"1,519.77"
7/22/2013,"1,520.62"
7/19/2013,"1,513.52"
7/18/2013,"1,511.13"
7/17/2013,"1,503.38"
7/16/2013,"1,500.53"
7/15/2013,"1,500.94"
7/12/2013,"1,498.31"
7/11/2013,"1,496.67"
7/10/2013,"1,473.31"
7/9/2013,"1,468.47"
7/8/2013,"1,457.52"
7/5/2013,"1,449.05"
7/4/2013,"1,448.22"
7/3/2013,"1,440.59"
7/2/2013,"1,444.86"
7/1/2013,"1,444.33"
6/28/2013,"1,433.55"
6/27/2013,"1,436.03"
6/26/2013,"1,425.51"
6/25/2013,"1,412.53"
6/24/2013,"1,400.98"
6/21/2013,"1,421.19"
6/20/2013,"1,423.87"
6/19/2013,"1,474.88"
6/18/2013,"1,483.04"
6/17/2013,"1,476.97"
6/14/2013,"1,463.83"
6/13/2013,"1,464.26"
6/12/2013,"1,457.57"
6/11/2013,"1,463.42"
6/10/2013,"1,473.13"
6/7/2013,"1,470.22"
6/6/2013,"1,454.91"
6/5/2013,"1,450.95"
6/4/2013,"1,473.48"
6/3/2013,"1,472.74"
5/31/2013,"1,471.93"
5/30/2013,"1,491.79"
5/29/2013,"1,489.44"
5/28/2013,"1,497.13"
5/27/2013,"1,489.58"
5/24/2013,"1,492.74"
5/23/2013,"1,493.44"
5/22/2013,"1,512.90"
5/21/2013,"1,520.64"
5/20/2013,"1,518.41"
5/17/2013,"1,512.98"
5/16/2013,"1,508.02"
5/15/2013,"1,510.87"
5/14/2013,"1,505.97"
5/13/2013,"1,497.40"
5/10/2013,"1,495.84"
5/9/2013,"1,495.74"
5/8/2013,"1,503.66"
5/7/2013,"1,492.06"
5/6/2013,"1,481.85"
5/3/2013,"1,482.46"
5/2/2013,"1,469.72"
5/1/2013,"1,466.53"
4/30/2013,"1,476.14"
4/29/2013,"1,468.44"
4/26/2013,"1,457.80"
4/25/2013,"1,459.26"
4/24/2013,"1,450.79"
4/23/2013,"1,443.86"
4/22/2013,"1,427.08"
4/19/2013,"1,422.25"
4/18/2013,"1,413.72"
4/17/2013,"1,420.70"
4/16/2013,"1,438.81"
4/15/2013,"1,431.09"
4/12/2013,"1,456.54"
4/11/2013,"1,462.82"
4/10/2013,"1,452.41"
4/9/2013,"1,433.01"
4/8/2013,"1,426.45"
4/5/2013,"1,419.11"
4/4/2013,"1,422.22"
4/3/2013,"1,425.59"
4/2/2013,"1,435.41"
4/1/2013,"1,428.04"
3/29/2013,"1,434.51"
3/28/2013,"1,434.62"
3/27/2013,"1,428.95"
3/26/2013,"1,432.64"
3/25/2013,"1,426.71"
3/22/2013,"1,432.33"
3/21/2013,"1,426.66"
3/20/2013,"1,434.35"
3/19/2013,"1,426.75"
3/18/2013,"1,430.97"
3/15/2013,"1,444.48"
3/14/2013,"1,440.21"
3/13/2013,"1,429.84"
3/12/2013,"1,433.28"
3/11/2013,"1,434.83"
3/8/2013,"1,428.72"
3/7/2013,"1,424.88"
3/6/2013,"1,422.26"
3/5/2013,"1,420.25"
3/4/2013,"1,404.94"
3/1/2013,"1,401.75"
2/28/2013,"1,405.18"
2/27/2013,"1,399.43"
2/26/2013,"1,386.06"
2/25/2013,"1,391.22"
2/22/2013,"1,402.05"
2/21/2013,"1,392.11"
2/20/2013,"1,410.01"
2/19/2013,"1,419.81"
2/18/2013,"1,408.46"
2/15/2013,"1,406.92"
2/14/2013,"1,411.59"
2/13/2013,"1,413.81"
2/12/2013,"1,413.83"
2/11/2013,"1,405.70"
2/8/2013,"1,410.44"
2/7/2013,"1,401.92"
2/6/2013,"1,408.35"
2/5/2013,"1,405.15"
2/4/2013,"1,399.68"
2/1/2013,"1,416.79"
1/31/2013,"1,405.47"
1/30/2013,"1,409.47"
1/29/2013,"1,410.68"
1/28/2013,"1,403.04"
1/25/2013,"1,405.47"
1/24/2013,"1,396.14"
1/23/2013,"1,393.04"
1/22/2013,"1,393.62"
1/21/2013,"1,389.58"
1/18/2013,"1,388.11"
1/17/2013,"1,386.16"
1/16/2013,"1,378.92"
1/15/2013,"1,382.74"
1/14/2013,"1,380.21"
1/11/2013,"1,381.94"
1/10/2013,"1,378.48"
1/9/2013,"1,367.15"
1/8/2013,"1,362.89"
1/7/2013,"1,366.91"
1/4/2013,"1,370.11"
1/3/2013,"1,364.39"
1/2/2013,"1,367.38"
1/1/2013,"1,338.55"
12/31/2012,"1,338.50"
12/28/2012,"1,326.84"
12/27/2012,"1,336.30"
12/26/2012,"1,335.98"
12/25/2012,"1,339.04"
12/24/2012,"1,338.34"
12/21/2012,"1,341.06"
12/20/2012,"1,351.85"
12/19/2012,"1,348.90"
12/18/2012,"1,347.92"
12/17/2012,"1,335.20"
12/14/2012,"1,325.49"
12/13/2012,"1,327.62"
12/12/2012,"1,332.27"
12/11/2012,"1,329.94"
12/10/2012,"1,321.96"
12/7/2012,"1,320.74"
12/6/2012,"1,319.13"
12/5/2012,"1,315.40"
12/4/2012,"1,314.02"
12/3/2012,"1,313.82"
11/30/2012,"1,315.49"
11/29/2012,"1,314.67"
11/28/2012,"1,303.85"
11/27/2012,"1,299.36"
11/26/2012,"1,302.63"
11/23/2012,"1,304.85"
11/22/2012,"1,290.50"
11/21/2012,"1,284.32"
11/20/2012,"1,281.29"
11/19/2012,"1,280.86"
11/16/2012,"1,253.31"
11/15/2012,"1,253.86"
11/14/2012,"1,257.12"
11/13/2012,"1,271.85"
11/12/2012,"1,274.27"
11/9/2012,"1,276.02"
11/8/2012,"1,276.72"
11/7/2012,"1,289.11"
11/6/2012,"1,311.42"
11/5/2012,"1,303.37"
11/2/2012,"1,305.77"
11/1/2012,"1,313.19"
10/31/2012,"1,301.52"
10/30/2012,"1,302.18"
10/29/2012,"1,296.96"
10/26/2012,"1,300.23"
10/25/2012,"1,302.77"
10/24/2012,"1,298.76"
10/23/2012,"1,299.99"
10/22/2012,"1,320.86"
10/19/2012,"1,322.28"
10/18/2012,"1,339.55"
10/17/2012,"1,339.65"
10/16/2012,"1,329.43"
10/15/2012,"1,312.78"
10/12/2012,"1,306.02"
10/11/2012,"1,308.83"
10/10/2012,"1,305.14"
10/9/2012,"1,313.46"
10/8/2012,"1,326.37"
10/5/2012,"1,334.63"
10/4/2012,"1,329.00"
10/3/2012,"1,318.91"
10/2/2012,"1,319.52"
10/1/2012,"1,318.81"
9/28/2012,"1,311.50"
9/27/2012,"1,320.17"
9/26/2012,"1,309.40"
9/25/2012,"1,327.25"
9/24/2012,"1,331.81"
9/21/2012,"1,338.05"
9/20/2012,"1,334.48"
9/19/2012,"1,341.50"
9/18/2012,"1,337.16"
9/17/2012,"1,342.31"
9/14/2012,"1,347.61"
9/13/2012,"1,329.48"
9/12/2012,"1,316.70"
9/11/2012,"1,311.71"
9/10/2012,"1,306.31"
9/7/2012,"1,312.08"
9/6/2012,"1,297.60"
9/5/2012,"1,273.21"
9/4/2012,"1,274.65"
9/3/2012,"1,280.76"
8/31/2012,"1,279.21"
8/30/2012,"1,272.02"
8/29/2012,"1,283.23"
8/28/2012,"1,284.25"
8/27/2012,"1,286.55"
8/24/2012,"1,285.84"
8/23/2012,"1,285.28"
8/22/2012,"1,287.84"
8/21/2012,"1,293.43"
8/20/2012,"1,289.75"
8/17/2012,"1,290.23"
8/16/2012,"1,287.62"
8/15/2012,"1,276.82"
8/14/2012,"1,277.51"
8/13/2012,"1,276.26"
8/10/2012,"1,278.36"
8/9/2012,"1,277.79"
8/8/2012,"1,276.09"
8/7/2012,"1,276.40"
8/6/2012,"1,267.85"
8/3/2012,"1,259.65"
8/2/2012,"1,234.97"
8/1/2012,"1,248.10"
7/31/2012,"1,250.57"
7/30/2012,"1,253.90"
7/27/2012,"1,250.02"
7/26/2012,"1,227.82"
7/25/2012,"1,201.74"
7/24/2012,"1,202.88"
7/23/2012,"1,212.05"
7/20/2012,"1,231.35"
7/19/2012,"1,247.82"
7/18/2012,"1,239.07"
7/17/2012,"1,229.12"
7/16/2012,"1,225.35"
7/13/2012,"1,225.55"
7/12/2012,"1,207.47"
7/11/2012,"1,218.81"
7/10/2012,"1,218.81"
7/9/2012,"1,224.14"
